file_path,package_section,file_role,required_for,sha256,bytes,claim_boundary
.gitattributes,Repository metadata,Repository documentation or verification record,"Repository documentation, citation, data-use, environment, or verification",1c974a24c6c61708a6558bc2e1a84d47b990f8cbbd2a99a59a62893bb95ea34a,87,Repository-level file; not an analytical result.
.gitignore,Repository metadata,Repository documentation or verification record,"Repository documentation, citation, data-use, environment, or verification",cd1a2bd806f105d9484da65eda366c2891303af854213ca717d908eaa8cfa4a8,53,Repository-level file; not an analytical result.
CITATION.cff,Repository metadata,Repository documentation or verification record,"Repository documentation, citation, data-use, environment, or verification",44b021dd0b15a82d0fdb920f369924abd5c7e0a999cf00719f2943d546ec9590,635,Repository-level file; not an analytical result.
DATA_USE.md,Repository metadata,Repository documentation or verification record,"Repository documentation, citation, data-use, environment, or verification",05e6704e51cc771ceab77af19081f645b8c15941669cdf1b8749a4b87e77a22f,1399,Repository-level file; not an analytical result.
FULL_REPRODUCTION_LOG.txt,Repository metadata,Repository documentation or verification record,"Repository documentation, citation, data-use, environment, or verification",5cdbd25d94588b20a8c2fe2ceeaba73c3f3931728d496aaaf5f847426903fd28,1012,Repository-level file; not an analytical result.
LICENSE,Repository metadata,Repository documentation or verification record,"Repository documentation, citation, data-use, environment, or verification",a84bd1ef0080e2ed426b1c3eaf0b48dd486340ae043a8d80621ef5da75223a85,1810,Repository-level file; not an analytical result.
README.md,Repository metadata,Repository documentation or verification record,"Repository documentation, citation, data-use, environment, or verification",5f216d47eeedc4b94c3aa036804627bac15a84d3f7b255780a78400220c720c7,3637,Repository-level file; not an analytical result.
README_REPRODUCTION.md,Repository metadata,Repository documentation or verification record,"Repository documentation, citation, data-use, environment, or verification",db5ab03ae536cd6e83424be5a6695d8f42db7176c7e0dde2ff659bc53eb7589a,1431,Repository-level file; not an analytical result.
REPRODUCIBILITY_SOURCE_MAP.md,Repository metadata,Repository documentation or verification record,"Repository documentation, citation, data-use, environment, or verification",5ff009efadf05a8d5a713c662e18f4878567af38eb53ff097a0bb96ff858e80b,6963,Repository-level file; not an analytical result.
REPRODUCING.md,Repository metadata,Repository documentation or verification record,"Repository documentation, citation, data-use, environment, or verification",9b006bf83adb4a3e7cc53d563e8bb927ea85aa5204e8033e62a7f19e5569a37e,1956,Repository-level file; not an analytical result.
SESSION_INFO.txt,Repository metadata,Repository documentation or verification record,"Repository documentation, citation, data-use, environment, or verification",a05ea0703f6c7d4b1b5c6aa166cdb199d6c360de62481f1702f443fe30b6cc5d,447,Repository-level file; not an analytical result.
VALIDATION_LOG.txt,Repository metadata,Repository documentation or verification record,"Repository documentation, citation, data-use, environment, or verification",a53a653a630711257c2c8af1d326cbfe07d1ab0e0efc052cd3acae7c1b9efcdf,109,Repository-level file; not an analytical result.
environment.yml,Repository metadata,Repository documentation or verification record,"Repository documentation, citation, data-use, environment, or verification",f526d1c28f8918623ff46812da821545bac85572083071c6c415dadaeda30452,144,Repository-level file; not an analytical result.
environment_exact.yml,Repository metadata,Repository documentation or verification record,"Repository documentation, citation, data-use, environment, or verification",ef83e57e5dd5325c5492fe04d55baeb2e6a404fd92d7cbfc0b8bd300dbafb3c3,158,Repository-level file; not an analytical result.
figures/Figure_1_reliability_aware_source_receiver_audit_framework.pdf,Figure artifacts,Rendered figure artifact,Figure reproduction and file verification,723acfe06bc0f9a70a163ecdc79959d09a73e066919ae7c2f7ff65639cee153f,35353,Rendered figure file; not an analytical result independent of its source-data bundle.
figures/Figure_1_reliability_aware_source_receiver_audit_framework.png,Figure artifacts,Rendered figure artifact,Figure reproduction and file verification,5c53d32a0dfa74b3eb9460480c7a662aeb3c9ffcc68989d9c4898f00a0a228d6,459766,Rendered figure file; not an analytical result independent of its source-data bundle.
figures/Figure_2_yfull_reliability_atlas.pdf,Figure artifacts,Rendered figure artifact,Figure reproduction and file verification,632b984a48ff6089cd943f3f8005c144b44b8badd2f7d80f6fb1fcf62d27df87,65321,Rendered figure file; not an analytical result independent of its source-data bundle.
figures/Figure_2_yfull_reliability_atlas.png,Figure artifacts,Rendered figure artifact,Figure reproduction and file verification,a036434fa351ac03d99c9deb7c4be7387093a76bc1a2730fb07da9a2b8d36f06,818714,Rendered figure file; not an analytical result independent of its source-data bundle.
figures/Figure_3_ph908_r1a_source_receiver_contrast.pdf,Figure artifacts,Rendered figure artifact,Figure reproduction and file verification,eff87d20b06ef0ef99fe243b41fbbaf95ad9da63d732e934688cf6f9034c7f8f,40605,Rendered figure file; not an analytical result independent of its source-data bundle.
figures/Figure_3_ph908_r1a_source_receiver_contrast.png,Figure artifacts,Rendered figure artifact,Figure reproduction and file verification,5d451a148e6d44dccd43298dd38ad1832bdaeadb7bb41df1e51dcc9a6c96c1b8,609982,Rendered figure file; not an analytical result independent of its source-data bundle.
figures/Figure_4_visibility_mask_sensitivity.pdf,Figure artifacts,Rendered figure artifact,Figure reproduction and file verification,12da6bfc8894f94177d2b40b1d5f83adaa228c9e93dc93c7a62e21bdb8c65b3f,40536,Rendered figure file; not an analytical result independent of its source-data bundle.
figures/Figure_4_visibility_mask_sensitivity.png,Figure artifacts,Rendered figure artifact,Figure reproduction and file verification,ddb6c740a8ba11c9c98322990f14aa133effdb25ddf08fe9b3e30c502da17f7e,813397,Rendered figure file; not an analytical result independent of its source-data bundle.
figures/Supplementary_Figure_S1_ancient_dna_directness_visibility.pdf,Figure artifacts,Rendered figure artifact,Figure reproduction and file verification,ded5f304eec3a8ed18f5001c102f879598b1a0efa207961c0de5e98443b572a5,174279,Rendered figure file; not an analytical result independent of its source-data bundle.
figures/Supplementary_Figure_S1_ancient_dna_directness_visibility.png,Figure artifacts,Rendered figure artifact,Figure reproduction and file verification,0c06dd5ca0cf7f84cf8fbf6a49acdd16ff11fddaaa116897b3c2f23a9736e119,1102137,Rendered figure file; not an analytical result independent of its source-data bundle.
manifest_sha256.csv,Repository metadata,Repository SHA-256 manifest,Independent verification and file-level verification,5972de7a98d1374cb1586ae88096a909b01959f60d3072df8fffcdfbbaa49fb0,28096,Repository-wide hash manifest with explicit non-applicable markers for manifest-cycle rows.
release_manifest.csv,Release manifest,Release manifest,Independent verification and file-level verification,not_applicable_self_manifest,not_applicable_self_manifest,File-level manifest for independent verification; not an analytical result.
scripts/01_generate_yfull_source_receiver_reliability_tables.py,Scripts,Analysis and table-generation script,End-to-end reproduction and validation,5fb3765b24320195f5140ad59692490897381d84add50a462578490c3faa5864,11495,Reproduction code; executes specified model checks and validations without extending the claim scope.
scripts/02_generate_source_layer_headline_coordinates.py,Scripts,Analysis and table-generation script,End-to-end reproduction and validation,f1d6d64f5aa7a4bf6490fc6227b99d324c3f72f7e5fd62c240603090a198e205,7754,Reproduction code; executes specified model checks and validations without extending the claim scope.
scripts/03_generate_branch_unit_reliability_tables.py,Scripts,Analysis and table-generation script,End-to-end reproduction and validation,4d018fc7166920aa8ae961b69647c94f6b3a5201a0179472f6473bddf53056b5,13890,Reproduction code; executes specified model checks and validations without extending the claim scope.
scripts/04_generate_figure3_specificity_calibration.py,Scripts,Analysis and table-generation script,End-to-end reproduction and validation,460fd9cffe6dfa4d6896dabbd7349a944ac8e81db75aa2889a4d6046e6a14c18,12090,Reproduction code; executes specified model checks and validations without extending the claim scope.
scripts/05_generate_figure4_adversarial_sensitivity.py,Scripts,Analysis and table-generation script,End-to-end reproduction and validation,06288b0e5b8b14f7fa5cb42a1bcd333d432132e3c88919fd769963a2bb037d68,20610,Reproduction code; executes specified model checks and validations without extending the claim scope.
scripts/06_generate_figure4_visibility_burden.py,Scripts,Analysis and table-generation script,End-to-end reproduction and validation,bbc85485d5bb23827aa2e1e86c2a1e5cb38e0809cd3b82e642f1bd57d98272be,14201,Reproduction code; executes specified model checks and validations without extending the claim scope.
scripts/07_generate_figure4_rarefaction_and_degradation.py,Scripts,Analysis and table-generation script,End-to-end reproduction and validation,7a61c8f1f7028ffd96b96eb8cfdb4f292bac8fcfd08cfeb0c8a186ef6b520702,21213,Reproduction code; executes specified model checks and validations without extending the claim scope.
scripts/08_generate_parser_and_log_base_quality_controls.py,Scripts,Analysis and table-generation script,End-to-end reproduction and validation,261a647e41b34e93717494128b4868dafe761ed6154c98211b21d4804c1e6bb1,17162,Reproduction code; executes specified model checks and validations without extending the claim scope.
scripts/09_generate_conditioned_denominator_rank_context.py,Scripts,Analysis and table-generation script,End-to-end reproduction and validation,57d7452b6e70da412c6466155fdb87d94bf89753bce674e6929892430e0b540d,6880,Reproduction code; executes specified model checks and validations without extending the claim scope.
scripts/10_generate_supplementary_figure_s1_visibility_gap.py,Scripts,Analysis and table-generation script,End-to-end reproduction and validation,2170db5863dd253b8cf31e588f27598902281386f0bbc94a339224c4d9b96170,21571,Reproduction code; executes specified model checks and validations without extending the claim scope.
scripts/11_generate_integrated_boundary_summary.py,Scripts,Analysis and table-generation script,End-to-end reproduction and validation,b94d849389ef9a4dd2ad59b8f162607cec3ba60faca4ea7d3e3d354fc94da06b,12301,Reproduction code; executes specified model checks and validations without extending the claim scope.
scripts/12_generate_main_table_1_audit_summaries.py,Scripts,Analysis and table-generation script,End-to-end reproduction and validation,96d079de0f9059283e4a568faa160052f80562a27e95b94bb90f631d094e9736,22771,Reproduction code; executes specified model checks and validations without extending the claim scope.
scripts/13_validate_repository_archive.py,Scripts,Repository verification script,End-to-end reproduction and validation,bf099760ca6da39a86a5164c848d57b76b34009032f2c195b2b661a08512db7a,4000,Reproduction code; executes specified model checks and validations without extending the claim scope.
scripts/14_generate_source_receiver_mask_country_membership.py,Scripts,Analysis and table-generation script,End-to-end reproduction and validation,580d6025811d10d2161719f9ce89c997d039f5940719cb0fa58b3f2b24c88694,17085,Reproduction code; executes specified model checks and validations without extending the claim scope.
scripts/make_figure_1.py,Scripts,Figure rendering script,End-to-end reproduction and validation,c92fdabb6cbe92c46e2843a4697e45ec80fc75ac8ccc59b5a5325d48d40f0648,13815,Reproduction code; executes specified model checks and validations without extending the claim scope.
scripts/make_figure_2.py,Scripts,Figure rendering script,End-to-end reproduction and validation,652c2ade766c7a7a66f21441f6c9685aae1a90c6cd87e6fd03b1be402e7b7223,18279,Reproduction code; executes specified model checks and validations without extending the claim scope.
scripts/make_figure_3.py,Scripts,Figure rendering script,End-to-end reproduction and validation,ed78fb29ff440115dc4a2436e34f8260a36521fe548a5e1ec82eaf2fc900d84e,22434,Reproduction code; executes specified model checks and validations without extending the claim scope.
scripts/make_figure_4.py,Scripts,Figure rendering script,End-to-end reproduction and validation,efa23886fc8859c8074985710a8f149c37c356f68d28b8c7dbe3dae6f71232bd,26841,Reproduction code; executes specified model checks and validations without extending the claim scope.
scripts/make_supplementary_figure_s1.py,Scripts,Figure rendering script,End-to-end reproduction and validation,5a27a49f513fb5a82c60e42a00f529607872dfffb176f4828736811381bf1249,23266,Reproduction code; executes specified model checks and validations without extending the claim scope.
scripts/reproduce_all.py,Scripts,Repository verification script,End-to-end reproduction and validation,eaab540b71d0f971b36a3fc9dc513e07ade59affd9effb9b42e0acd82d772851,10557,Reproduction code; executes specified model checks and validations without extending the claim scope.
source_data/core_branch_unit_reliability/branch_unit_contract_metadata.csv,Source-data bundles,Source-data bundle file,Figure and table reproduction,e3503633aae184168eeca8a99e70da628679c0ee8707495642e1bec1b0395400,4101,Source-data layer used by the reproduction scripts; not a population-representative sample or standalone historical inference.
source_data/core_branch_unit_reliability/branch_unit_metric_source.csv,Source-data bundles,Source-data bundle file,Figure and table reproduction,5fc43f7e5322cb3be588c39d328b078f372e5739687880aa65e0fa6bb7890c9d,8488,Source-data layer used by the reproduction scripts; not a population-representative sample or standalone historical inference.
source_data/core_branch_unit_reliability/core_branch_unit_00_source_file_manifest.csv,Source-data bundles,Source-data manifest,Figure and table reproduction,edf1a9072129aecf640dd8ed4ea598fc09dbba70bc2f0595a7255a3bd9776ea8,1526,Source-data layer used by the reproduction scripts; not a population-representative sample or standalone historical inference.
source_data/core_branch_unit_reliability/core_branch_unit_reliability_source_bundle_note.md,Source-data bundles,Source-data note,Figure and table reproduction,91e70600a2ea8d5e92a9f7d3d74155f135e8a1ef5f93e7a2ad534ba1a0be6414,952,Source-data layer used by the reproduction scripts; not a population-representative sample or standalone historical inference.
source_data/core_conditioned_denominator_rank_context/conditioned_denominator_metric_source.csv,Source-data bundles,Source-data bundle file,Figure and table reproduction,ae1fbfc6f25124b7b37822e863875a22b83068b7b575567977a364290f682fb7,1145,Source-data layer used by the reproduction scripts; not a population-representative sample or standalone historical inference.
source_data/core_conditioned_denominator_rank_context/conditioned_denominator_rank_rule_source.csv,Source-data bundles,Source-data bundle file,Figure and table reproduction,4d0d2749ce15e46060c618cecd9397eb3fc2f57178f5820135d199ed2e342d11,861,Source-data layer used by the reproduction scripts; not a population-representative sample or standalone historical inference.
source_data/core_conditioned_denominator_rank_context/core_conditioned_denominator_rank_context_00_source_file_manifest.csv,Source-data bundles,Source-data manifest,Figure and table reproduction,69a96de7ad1bd60691d98d8ae826e0a7001fb7e5fcb179701313cee36f254a26,1450,Source-data layer used by the reproduction scripts; not a population-representative sample or standalone historical inference.
source_data/core_conditioned_denominator_rank_context/core_conditioned_denominator_rank_context_source_bundle_note.md,Source-data bundles,Source-data note,Figure and table reproduction,fb3e9b052a32fe34cbf37ac8c0954487c53b6741fdb3fbbea40d479f7964460c,981,Source-data layer used by the reproduction scripts; not a population-representative sample or standalone historical inference.
source_data/core_figure3_specificity_calibration/core_figure3_specificity_calibration_00_source_file_manifest.csv,Source-data bundles,Source-data manifest,Figure and table reproduction,22c88aa6ac4e3ec73d78e78142d7cac7bf0e512ceb956281a9cf3197fd64a37c,2063,Source-data layer used by the reproduction scripts; not a population-representative sample or standalone historical inference.
source_data/core_figure3_specificity_calibration/core_figure3_specificity_calibration_source_bundle_note.md,Source-data bundles,Source-data note,Figure and table reproduction,8a577b3f186e75d9a6ae5d08f453977f64a2826a63e9e36319ab5e9b3c7dbb74,1423,Source-data layer used by the reproduction scripts; not a population-representative sample or standalone historical inference.
source_data/core_figure3_specificity_calibration/figure3_margin_permutation_metric_source.csv,Source-data bundles,Source-data bundle file,Figure and table reproduction,cbd80bd61845786df9450652fd788214c058fff8864e0ae7cf14df287d60a35b,537,Source-data layer used by the reproduction scripts; not a population-representative sample or standalone historical inference.
source_data/core_figure3_specificity_calibration/figure3_specificity_calibration_row_metadata.csv,Source-data bundles,Source-data bundle file,Figure and table reproduction,90527b2564a15d4aab0a0ee52f6267c09344f6252022f546ff3c978eed90749e,5606,Source-data layer used by the reproduction scripts; not a population-representative sample or standalone historical inference.
source_data/core_figure3_specificity_calibration/figure3_threshold_calibration_source.csv,Source-data bundles,Source-data bundle file,Figure and table reproduction,2d0ec633f3aa856dc02b1ae7a2ed217b15d473336eb55a33c850133d4ace6e1d,544,Source-data layer used by the reproduction scripts; not a population-representative sample or standalone historical inference.
source_data/core_figure4_adversarial_sensitivity/core_figure4_adversarial_sensitivity_00_source_file_manifest.csv,Source-data bundles,Source-data manifest,Figure and table reproduction,6b679d183b0e6953da083ca54ed128bb0f8851179fce90c82a4be08d0bc615a0,1507,Source-data layer used by the reproduction scripts; not a population-representative sample or standalone historical inference.
source_data/core_figure4_adversarial_sensitivity/core_figure4_adversarial_sensitivity_source_bundle_note.md,Source-data bundles,Source-data note,Figure and table reproduction,ee0e239e144ccc114491d7145d74767b825f9a266ca86a2def1e278c9bb3ee33,1232,Source-data layer used by the reproduction scripts; not a population-representative sample or standalone historical inference.
source_data/core_figure4_adversarial_sensitivity/figure4_adversarial_label_metadata.csv,Source-data bundles,Source-data bundle file,Figure and table reproduction,ba57e28dc000a7811355f45ea3a6c1bd6e57ecc3d83b0be5c76c56f8de551a0e,1361,Source-data layer used by the reproduction scripts; not a population-representative sample or standalone historical inference.
source_data/core_figure4_adversarial_sensitivity/figure4_adversarial_state_metric_source.csv,Source-data bundles,Source-data bundle file,Figure and table reproduction,773d157aa3cd6b4806ed0415c395028a22e1ec164aba67dcd8f86281a1168293,3581,Source-data layer used by the reproduction scripts; not a population-representative sample or standalone historical inference.
source_data/core_figure4_rarefaction_degradation/core_figure4_rarefaction_degradation_00_source_file_manifest.csv,Source-data bundles,Source-data manifest,Figure and table reproduction,e317c9eacd87279526ed66a5292606e052542e1054e5c132c673612a94d1c110,1989,Source-data layer used by the reproduction scripts; not a population-representative sample or standalone historical inference.
source_data/core_figure4_rarefaction_degradation/core_figure4_rarefaction_degradation_source_bundle_note.md,Source-data bundles,Source-data note,Figure and table reproduction,09774bfc20cf7d44b2a45bb7609a6eb5ada5d3b972d654a9832e6778d5e67ff0,1548,Source-data layer used by the reproduction scripts; not a population-representative sample or standalone historical inference.
source_data/core_figure4_rarefaction_degradation/figure4_equal_n_rarefaction_metric_source.csv,Source-data bundles,Source-data bundle file,Figure and table reproduction,9f9ffe51cccfdc6ad1e6b755e6248e8b56e69ed53fa0daa16bd9aab013121658,2903,Source-data layer used by the reproduction scripts; not a population-representative sample or standalone historical inference.
source_data/core_figure4_rarefaction_degradation/figure4_rarefaction_degradation_rule_source.csv,Source-data bundles,Source-data bundle file,Figure and table reproduction,6c5558d06a1e72908881e0e67891693b8f2243e017f1f160cd04bf951e1366d7,1367,Source-data layer used by the reproduction scripts; not a population-representative sample or standalone historical inference.
source_data/core_figure4_rarefaction_degradation/figure4_synthetic_visibility_fraction_design.csv,Source-data bundles,Source-data bundle file,Figure and table reproduction,f85ed97b9ac2ee12cef68d66656e67e25e809679dc2dc38d6802309e6e7205df,1592,Source-data layer used by the reproduction scripts; not a population-representative sample or standalone historical inference.
source_data/core_figure4_visibility_burden/core_figure4_visibility_burden_00_source_file_manifest.csv,Source-data bundles,Source-data manifest,Figure and table reproduction,a20d1b4b1bc8d8edf015b054c8f34dcf80f463913f72e35826ab74d52a4eeb4d,1093,Source-data layer used by the reproduction scripts; not a population-representative sample or standalone historical inference.
source_data/core_figure4_visibility_burden/core_figure4_visibility_burden_source_bundle_note.md,Source-data bundles,Source-data note,Figure and table reproduction,447deb72372ffcc8730bf3cae4162415982ad2606def9be75b3500d033c9f4a9,1064,Source-data layer used by the reproduction scripts; not a population-representative sample or standalone historical inference.
source_data/core_figure4_visibility_burden/figure4_primary_visibility_reversal_rule_source.csv,Source-data bundles,Source-data bundle file,Figure and table reproduction,8d5af8f56d7ff130c703c7a43f6029a87040d33f91d5a95ca04ec8aab5f978df,1141,Source-data layer used by the reproduction scripts; not a population-representative sample or standalone historical inference.
source_data/core_headline_coordinates/core_headline_00_source_file_manifest.csv,Source-data bundles,Source-data manifest,Figure and table reproduction,85ba9a4189cd0e7a7e1c1b84b2d405d66fbc2683dc456286befe2817c0a0723e,1972,Source-data layer used by the reproduction scripts; not a population-representative sample or standalone historical inference.
source_data/core_headline_coordinates/core_headline_coordinates_source_bundle_note.md,Source-data bundles,Source-data note,Figure and table reproduction,dfb7e99049b4821aba1c01641f64848ac7e576a091649f24774ddfa8700dbfa7,909,Source-data layer used by the reproduction scripts; not a population-representative sample or standalone historical inference.
source_data/core_headline_coordinates/evidence_layer_definitions.csv,Source-data bundles,Source-data bundle file,Figure and table reproduction,bc913d44205fda8a2038b8a5b7a9691915cca1d4e7d4d9d740e9bc26e5461af2,1362,Source-data layer used by the reproduction scripts; not a population-representative sample or standalone historical inference.
source_data/core_headline_coordinates/ftdna_discover_direct_child_metric_source.csv,Source-data bundles,Source-data bundle file,Figure and table reproduction,17aaef9654895beb2a4c56cf6255a14dd8ac6bc854b78bbf9214c85ee84b8379,1852,Source-data layer used by the reproduction scripts; not a population-representative sample or standalone historical inference.
source_data/core_headline_coordinates/hras_yseq_branch_resolved_metric_source.csv,Source-data bundles,Source-data bundle file,Figure and table reproduction,ead1393a7216a58efc734bd92724df28751dc1d9fa6de0b8a4006e59127ba84b,1488,Source-data layer used by the reproduction scripts; not a population-representative sample or standalone historical inference.
source_data/core_parser_logbase_quality_control/core_parser_logbase_quality_control_00_source_file_manifest.csv,Source-data bundles,Source-data manifest,Figure and table reproduction,d759bfdeaa9b0bcee3ddaef322a13243de89c544b95aa1725ba0340894174cba,1937,Source-data layer used by the reproduction scripts; not a population-representative sample or standalone historical inference.
source_data/core_parser_logbase_quality_control/core_parser_logbase_quality_control_source_bundle_note.md,Source-data bundles,Source-data note,Figure and table reproduction,38f781e3a94b1cbd68232d96c11c05c1c8d633d03da49a0f29aec30eb6d95a02,1398,Source-data layer used by the reproduction scripts; not a population-representative sample or standalone historical inference.
source_data/core_parser_logbase_quality_control/parser_failed_row_audit_source.csv,Source-data bundles,Source-data bundle file,Figure and table reproduction,6b1cab7dc5155bb644016052746083555d5caaa5b1e9910ad1679167ab5c97ca,774,Source-data layer used by the reproduction scripts; not a population-representative sample or standalone historical inference.
source_data/core_parser_logbase_quality_control/parser_headline_sensitivity_metric_source.csv,Source-data bundles,Source-data bundle file,Figure and table reproduction,f166ab525642fe2f56769a0178c575a071789c77c41e8bc770d0824a7a7de0fe,1720,Source-data layer used by the reproduction scripts; not a population-representative sample or standalone historical inference.
source_data/core_parser_logbase_quality_control/parser_logbase_rule_source.csv,Source-data bundles,Source-data bundle file,Figure and table reproduction,bebaef4d0b59a698c8743d6e2fc5d4bccd940aaec356cb81a206f376693e106d,1029,Source-data layer used by the reproduction scripts; not a population-representative sample or standalone historical inference.
source_data/core_yfull/core_yfull_00_source_file_manifest.csv,Source-data bundles,Source-data manifest,Figure and table reproduction,ccbafd2ca1e18d80bb10158aeff2ee331d9b01328207657f55a35aaa4e4aaff1,2705,Source-data layer used by the reproduction scripts; not a population-representative sample or standalone historical inference.
source_data/core_yfull/core_yfull_public_tree_provenance_and_data_use_note.md,Source-data bundles,Source-data note,Figure and table reproduction,9c6a5536b11ccc965057985e7c98ebd6340fba9874079c960958c76d15ad210c,3052,Source-data layer used by the reproduction scripts; not a population-representative sample or standalone historical inference.
source_data/core_yfull/core_yfull_source_bundle_note.md,Source-data bundles,Source-data note,Figure and table reproduction,d215f9746bf8a77a0a08e2e564905c3e8bd5a7255aa25bf57d6a6f51fad75461,1244,Source-data layer used by the reproduction scripts; not a population-representative sample or standalone historical inference.
source_data/core_yfull/source_receiver_highlight_contracts.csv,Source-data bundles,Source-data bundle file,Figure and table reproduction,914fae340222cf8d3d451d9a37b05da25df9b26233d55ccd492ffa00cbb18076,2520,Source-data layer used by the reproduction scripts; not a population-representative sample or standalone historical inference.
source_data/core_yfull/source_receiver_reliability_atlas.csv,Source-data bundles,Source-data bundle file,Figure and table reproduction,744ae38cc1abc35f58c64a87074221bcc69f20e1268608557deae07bfd629bc0,300410,Source-data layer used by the reproduction scripts; not a population-representative sample or standalone historical inference.
source_data/core_yfull/yfull_public_ytree_lineage_identity_crosswalk.csv,Source-data bundles,Source-data bundle file,Figure and table reproduction,d3283c7eff3376f7360f1f2607c36940f8a7e77f4af8cc99175b6df2256ab5ce,63907,Source-data layer used by the reproduction scripts; not a population-representative sample or standalone historical inference.
source_data/figure_1/fig1_00_source_file_manifest.csv,Source-data bundles,Source-data manifest,Figure and table reproduction,445294c4872e775bbc0a25573dbcfc6430df7c2a1f4ddd66f342b138c2fb5948,2503,Source-data layer used by the reproduction scripts; not a population-representative sample or standalone historical inference.
source_data/figure_1/fig1_01_framework_steps.csv,Source-data bundles,Source-data bundle file,Figure and table reproduction,47565b3df864f81fb0862b72324ea7b6611e8553a16b67bbbbafb3dde3ff7218,2234,Source-data layer used by the reproduction scripts; not a population-representative sample or standalone historical inference.
source_data/figure_1/fig1_02_decision_state_matrix.csv,Source-data bundles,Source-data bundle file,Figure and table reproduction,2b68758e959c67053aba83adf2b4568d6833b8ee178a2c84c511e5e31d5ff41d,1658,Source-data layer used by the reproduction scripts; not a population-representative sample or standalone historical inference.
source_data/figure_1/fig1_03_claim_tiering_matrix.csv,Source-data bundles,Source-data bundle file,Figure and table reproduction,0c72823b4903805893a4604e094955b99632426dcc9eaa5cf8852a04ddab1120,1244,Source-data layer used by the reproduction scripts; not a population-representative sample or standalone historical inference.
source_data/figure_1/fig1_04_figure1_value_validation.csv,Source-data bundles,Source-data bundle file,Figure and table reproduction,e3b65addf95c54fb6f495bb2b0c1fb105fc4c747ca777a9e06f03021df1f79bd,2615,Source-data layer used by the reproduction scripts; not a population-representative sample or standalone historical inference.
source_data/figure_1/fig1_source_bundle_note.md,Source-data bundles,Source-data note,Figure and table reproduction,d537461ce36ec920de1cefe8e3db9060437146a314dddc33545eb3f1bdaaee4b,1244,Source-data layer used by the reproduction scripts; not a population-representative sample or standalone historical inference.
source_data/figure_2/fig2_00_source_file_manifest.csv,Source-data bundles,Source-data manifest,Figure and table reproduction,9a9d92bb13a7f0156d481c79c01b6fe73a6b0d3f6aa9bb714c069dad5742d56f,4088,Source-data layer used by the reproduction scripts; not a population-representative sample or standalone historical inference.
source_data/figure_2/fig2_01_atlas_background_plot_points.csv,Source-data bundles,Source-data bundle file,Figure and table reproduction,6f632f97791b5766fcbe060fecce88cb61b58b28631f98cb1e452a94e7c7c1a8,632427,Source-data layer used by the reproduction scripts; not a population-representative sample or standalone historical inference.
source_data/figure_2/fig2_02_highlighted_focused_contracts.csv,Source-data bundles,Source-data bundle file,Figure and table reproduction,266a5508d54235d8af9705ce6d7ea0c256c8292d76e75b5a38db216d8e344c18,3910,Source-data layer used by the reproduction scripts; not a population-representative sample or standalone historical inference.
source_data/figure_2/fig2_03_reliability_state_counts.csv,Source-data bundles,Source-data bundle file,Figure and table reproduction,0054e1fa130a3d1193cbbf50237be1e671ee2005e52ac9ec6f51a0375c596032,1667,Source-data layer used by the reproduction scripts; not a population-representative sample or standalone historical inference.
source_data/figure_2/fig2_04_figure2_value_validation.csv,Source-data bundles,Source-data bundle file,Figure and table reproduction,f2d51b0dabd7495d099419f7a99798e437f294b7b1b48a9f21976975ce278d88,6225,Source-data layer used by the reproduction scripts; not a population-representative sample or standalone historical inference.
source_data/figure_2/fig2_05_decision_gate_inset.csv,Source-data bundles,Source-data bundle file,Figure and table reproduction,1cceba54d29353ad69d86ad8361e14b7d967fea19c6e20d264a0e81018d7f122,2592,Source-data layer used by the reproduction scripts; not a population-representative sample or standalone historical inference.
source_data/figure_2/fig2_source_bundle_note.md,Source-data bundles,Source-data note,Figure and table reproduction,47f2b36a159c808be5dcaaaf589b40337d51d3d8ed1cb414886c2e59448ffa81,1849,Source-data layer used by the reproduction scripts; not a population-representative sample or standalone historical inference.
source_data/figure_3/fig3_00_source_file_manifest.csv,Source-data bundles,Source-data manifest,Figure and table reproduction,e9c8ca3ab12ec1515905ba4dd147e2e144b00d60d0772a497d5654303f698640,5813,Source-data layer used by the reproduction scripts; not a population-representative sample or standalone historical inference.
source_data/figure_3/fig3_01_headline_coordinates.csv,Source-data bundles,Source-data bundle file,Figure and table reproduction,1f08d959b7cd3795520d6fd033ad300a44aeb0c05b6f74790245c2eefd437686,4293,Source-data layer used by the reproduction scripts; not a population-representative sample or standalone historical inference.
source_data/figure_3/fig3_02_primary_yfull_plot_values.csv,Source-data bundles,Source-data bundle file,Figure and table reproduction,16359f1adc42d5bf259d47add96e91348a479d1a6a8921a477de4513a8326b72,1412,Source-data layer used by the reproduction scripts; not a population-representative sample or standalone historical inference.
source_data/figure_3/fig3_03_supporting_layer_values.csv,Source-data bundles,Source-data bundle file,Figure and table reproduction,0b47b431e06f83d81aa34f0fb593b5daead83cc600cd634809ea9416b0203a9b,2318,Source-data layer used by the reproduction scripts; not a population-representative sample or standalone historical inference.
source_data/figure_3/fig3_04_specificity_and_calibration_trace.csv,Source-data bundles,Source-data bundle file,Figure and table reproduction,983a60e421bf967ae8148c3f03d46b39e5a10a58359432fca06e5799aeecdfa1,6822,Source-data layer used by the reproduction scripts; not a population-representative sample or standalone historical inference.
source_data/figure_3/fig3_05_figure3_value_validation.csv,Source-data bundles,Source-data bundle file,Figure and table reproduction,e8aad3fa95cd827e3e3b03a8ba58fff43bde81872120aa0ec5f98887d2a13fc9,7690,Source-data layer used by the reproduction scripts; not a population-representative sample or standalone historical inference.
source_data/figure_3/fig3_06_branch_unit_stability_overlay.csv,Source-data bundles,Source-data bundle file,Figure and table reproduction,0fcbb87db900cf3df892b1398179ce4760f1dbc2eece6ee1ac0ab22121447182,13243,Source-data layer used by the reproduction scripts; not a population-representative sample or standalone historical inference.
source_data/figure_3/fig3_source_bundle_note.md,Source-data bundles,Source-data note,Figure and table reproduction,e8d17121ef1cbdcb599ae70630353b6842f8fa1ff47fa5cec39cf02ebe717240,1749,Source-data layer used by the reproduction scripts; not a population-representative sample or standalone historical inference.
source_data/figure_4/fig4_00_source_file_manifest.csv,Source-data bundles,Source-data manifest,Figure and table reproduction,6dd7d2f89019eca366cc0782716c6b4c91c85415870396790ff9419ec46ae682,8678,Source-data layer used by the reproduction scripts; not a population-representative sample or standalone historical inference.
source_data/figure_4/fig4_01_adversarial_sensitivity_plot_points.csv,Source-data bundles,Source-data bundle file,Figure and table reproduction,e4f3bc001b59bd28aabaf6bbb26115b8729ea3e487be7b600d9c63a0392eb924,7549,Source-data layer used by the reproduction scripts; not a population-representative sample or standalone historical inference.
source_data/figure_4/fig4_02_matched_r1a_envelope_thresholds.csv,Source-data bundles,Source-data bundle file,Figure and table reproduction,9d5084f9b4e7ea284bf07e91808b0b12d173f9eeedd457a22a5e647ccec4ec7c,7094,Source-data layer used by the reproduction scripts; not a population-representative sample or standalone historical inference.
source_data/figure_4/fig4_03_positive_control_recovery_trace.csv,Source-data bundles,Source-data bundle file,Figure and table reproduction,43c3b61a767673b46cfa5aa1519601389b97ccc3843405ff91329429c9dd7824,6147,Source-data layer used by the reproduction scripts; not a population-representative sample or standalone historical inference.
source_data/figure_4/fig4_04_figure4_value_validation.csv,Source-data bundles,Source-data bundle file,Figure and table reproduction,5ce8c604845799c8422d433513bcc2d5737a10a2d32cc2af54cc1225d2d93174,3069,Source-data layer used by the reproduction scripts; not a population-representative sample or standalone historical inference.
source_data/figure_4/fig4_05_source_visibility_burden_trace.csv,Source-data bundles,Source-data bundle file,Figure and table reproduction,3a5271e35ba52bea921a5564246d6610abccce0c4e260bc10cf19d8f150088d1,7160,Source-data layer used by the reproduction scripts; not a population-representative sample or standalone historical inference.
source_data/figure_4/fig4_06_equal_n_rarefaction_degradation_trace.csv,Source-data bundles,Source-data bundle file,Figure and table reproduction,d7fed6cd3b701d00d850bb0ffb37a1915267d33e5696387ce8ffbc65c1608cf8,28333,Source-data layer used by the reproduction scripts; not a population-representative sample or standalone historical inference.
source_data/figure_4/fig4_07_visibility_mask_sensitivity_validation.csv,Source-data bundles,Source-data bundle file,Figure and table reproduction,2a9cf3a93ec9a327628ad177e101bc38692a62424c0db415a7e4e1753fd1e64b,6826,Source-data layer used by the reproduction scripts; not a population-representative sample or standalone historical inference.
source_data/figure_4/fig4_08_synthetic_source_visibility_degradation_trace.csv,Source-data bundles,Source-data bundle file,Figure and table reproduction,ab99145ec8ad80bf0076fccd622cd55fe1aa27b4f33ab95f0b4f64afba77b653,81911,Source-data layer used by the reproduction scripts; not a population-representative sample or standalone historical inference.
source_data/figure_4/fig4_09_primary_visibility_bias_reversal_summary.csv,Source-data bundles,Source-data bundle file,Figure and table reproduction,5d46b93adeb9c1583c06464fe527db0e477ec0250999a1ee3cf2456b6c790deb,2176,Source-data layer used by the reproduction scripts; not a population-representative sample or standalone historical inference.
source_data/figure_4/fig4_source_bundle_note.md,Source-data bundles,Source-data note,Figure and table reproduction,706d07bcebebc93e0d22ec3285561b7d7269ff4b7c0e35b0b6ba51ed75c6931a,4294,Source-data layer used by the reproduction scripts; not a population-representative sample or standalone historical inference.
source_data/supplementary_figure_s1/geodata/s1_10_natural_earth_admin0_countries.geojson,Source-data bundles,Source-data bundle file,Figure and table reproduction,239eec57ac17f100a11e2536cffc56752c318b50ae765b0918ff7aab4ce8f255,13287234,Source-data layer used by the reproduction scripts; not a population-representative sample or standalone historical inference.
source_data/supplementary_figure_s1/s1_00_source_file_manifest.csv,Source-data bundles,Source-data manifest,Figure and table reproduction,925b73c20cb2490dcc727a46efe414060051a17aced0ec934c84dc2589ef51d3,10411,Source-data layer used by the reproduction scripts; not a population-representative sample or standalone historical inference.
source_data/supplementary_figure_s1/s1_01_ancient_dna_plotted_points.csv,Source-data bundles,Source-data bundle file,Figure and table reproduction,363f1089d098a7a56eeb60c125c2bf4e023c5826dcc70681c515083c1ffc93ff,340170,Source-data layer used by the reproduction scripts; not a population-representative sample or standalone historical inference.
source_data/supplementary_figure_s1/s1_02_ph908_relic_footprint_locality_points.csv,Source-data bundles,Source-data bundle file,Figure and table reproduction,d83f729cb8c99e5f96d5c235d13b2ac62cae7372505a41e67ce129868689e479,9361,Source-data layer used by the reproduction scripts; not a population-representative sample or standalone historical inference.
source_data/supplementary_figure_s1/s1_03_visibility_directness_by_region.csv,Source-data bundles,Source-data bundle file,Figure and table reproduction,2f9e77d597d28a31fe9320ad7fa009fcf734c67ca18857b47ead9b1153dfb19c,2495,Source-data layer used by the reproduction scripts; not a population-representative sample or standalone historical inference.
source_data/supplementary_figure_s1/s1_04_direct_negative_control_candidate_trace.csv,Source-data bundles,Source-data bundle file,Figure and table reproduction,b7f500d3d849e30f5bf07525b48d459fda555f4ac03b15b9f2edf1104264cb2e,2702,Source-data layer used by the reproduction scripts; not a population-representative sample or standalone historical inference.
source_data/supplementary_figure_s1/s1_05_row_level_elevation_source_data.csv,Source-data bundles,Source-data bundle file,Figure and table reproduction,845a694efb1a923b64ba679aedfff9a439976b5796c9a9c6ccd8139c2b5c8790,341812,Source-data layer used by the reproduction scripts; not a population-representative sample or standalone historical inference.
source_data/supplementary_figure_s1/s1_06_unique_site_elevation_source_data.csv,Source-data bundles,Source-data bundle file,Figure and table reproduction,6977466875f389dd4a6dd132080b297e0ee758e2af7690ba22a4ac9e2283c66b,61205,Source-data layer used by the reproduction scripts; not a population-representative sample or standalone historical inference.
source_data/supplementary_figure_s1/s1_07_elevation_band_summary.csv,Source-data bundles,Source-data bundle file,Figure and table reproduction,130d8a5b983ec75de38dd21f34b4b3f45cd490e8197acc593b1f1af0a94bb1ef,6481,Source-data layer used by the reproduction scripts; not a population-representative sample or standalone historical inference.
source_data/supplementary_figure_s1/s1_08_elevation_effect_size_tests.csv,Source-data bundles,Source-data bundle file,Figure and table reproduction,d3f2e9c14e10edd725de126db897ae8e3b8ed1eb6abd452df3eb457207fb75a7,2621,Source-data layer used by the reproduction scripts; not a population-representative sample or standalone historical inference.
source_data/supplementary_figure_s1/s1_09_elevation_threshold_exact_tests.csv,Source-data bundles,Source-data bundle file,Figure and table reproduction,03376a097cefa8325836f5e31f3a6670b3d03745b44782288b484155992f5898,2613,Source-data layer used by the reproduction scripts; not a population-representative sample or standalone historical inference.
source_data/supplementary_figure_s1/s1_11_supplementary_figure_s1_value_validation.csv,Source-data bundles,Source-data bundle file,Figure and table reproduction,c7a1af258bef3ec43b272b68cb7501d5ef28746adf1c63b9e0d979436d1353e3,16635,Source-data layer used by the reproduction scripts; not a population-representative sample or standalone historical inference.
source_data/supplementary_figure_s1/s1_12_ancient_dna_point_level_quality_control_audit.csv,Source-data bundles,Source-data bundle file,Figure and table reproduction,5c9438aca24834a3d195952655efe9f888be870398234e299cbeb9cd0997730f,271743,Source-data layer used by the reproduction scripts; not a population-representative sample or standalone historical inference.
source_data/supplementary_figure_s1/s1_13_ph908_relic_locality_quality_control_audit.csv,Source-data bundles,Source-data bundle file,Figure and table reproduction,61e4a0c0e2b4ecca143e24bb6db9c18d1ade3823f8d029d1f920cf348627a898,6994,Source-data layer used by the reproduction scripts; not a population-representative sample or standalone historical inference.
source_data/supplementary_figure_s1/s1_14_ancient_dna_source_reference_coverage.csv,Source-data bundles,Source-data bundle file,Figure and table reproduction,378718cf4b6f823b96b62440c39b9c80f7060bb057550f67ffecdd7c7c04a487,14206,Source-data layer used by the reproduction scripts; not a population-representative sample or standalone historical inference.
source_data/supplementary_figure_s1/s1_15_aadr_v66_source_rows_used_for_s1.csv,Source-data bundles,Source-data bundle file,Figure and table reproduction,139defb2642ee8eb73875fd56e32475edbbf757dbd27ef9740480f755af11153,386971,Source-data layer used by the reproduction scripts; not a population-representative sample or standalone historical inference.
source_data/supplementary_figure_s1/s1_16_non_aadr_supplement_source_rows_used_for_s1.csv,Source-data bundles,Source-data bundle file,Figure and table reproduction,9033a8982d13a3fc9fb1190a5c0b9bfb8cd37a2a8d90dae180ec00733372d373,46047,Source-data layer used by the reproduction scripts; not a population-representative sample or standalone historical inference.
source_data/supplementary_figure_s1/s1_17_ph908_relic_locality_calculation_trace.csv,Source-data bundles,Source-data bundle file,Figure and table reproduction,38ee4e25a1bac60268d1c7525152ce8d0e7442bb96593e58afe7f214529a9dc5,6645,Source-data layer used by the reproduction scripts; not a population-representative sample or standalone historical inference.
source_data/supplementary_figure_s1/s1_18_supplementary_figure_s1_completion_audit.csv,Source-data bundles,Source-data bundle file,Figure and table reproduction,33922f016362f867fef407ad635d1e06f29afe6f5f267f9740dd574e43d22737,6025,Source-data layer used by the reproduction scripts; not a population-representative sample or standalone historical inference.
source_data/supplementary_figure_s1/s1_19_ph908_relic_footprint_derivation_trace.csv,Source-data bundles,Source-data bundle file,Figure and table reproduction,76ffeca8b3b7a4ce5d6269ca4e82748910a9bf0ab333a94de2f1712c47c7ded3,7523,Source-data layer used by the reproduction scripts; not a population-representative sample or standalone historical inference.
tables/01_model_test_summary.csv,Tables and table notes,Reproducibility table,Table reproduction and reported-output traceability,8daa41c7016d5559ab735bc88f7fff79a7ade16ea71afbd1b45321e7c0836676,3894,Archived tabular evidence summary; values are interpreted only under the specified source-receiver model-checking framework.
tables/01_model_test_summary_note.md,Tables and table notes,Reproducibility table note,Table reproduction and reported-output traceability,29e1fa96a2b738d4363d75f26ab753d7bf64ba7b7efc5ce9662cba305f3735a0,734,Archived tabular evidence summary; values are interpreted only under the specified source-receiver model-checking framework.
tables/02_lineage_role_tiers.csv,Tables and table notes,Reproducibility table,Table reproduction and reported-output traceability,3fd75bcab4d5c13fec8b8b75fb0cd661b57a8f841da7954d5cc92a904a69e257,2854,Archived tabular evidence summary; values are interpreted only under the specified source-receiver model-checking framework.
tables/02_lineage_role_tiers_note.md,Tables and table notes,Reproducibility table note,Table reproduction and reported-output traceability,95297b8b60294f77bbef8b5f3e5dadceeef5362978b9780d5cb6508d599afe1c,524,Archived tabular evidence summary; values are interpreted only under the specified source-receiver model-checking framework.
tables/03_evidence_layer_and_decision_state_definitions.csv,Tables and table notes,Reproducibility table,Table reproduction and reported-output traceability,4ffed2052ad25ff2f49f8455bbde7608682cdff7da7e51898f0febf492a7003d,3371,Archived tabular evidence summary; values are interpreted only under the specified source-receiver model-checking framework.
tables/03_evidence_layer_and_decision_state_definitions_note.md,Tables and table notes,Reproducibility table note,Table reproduction and reported-output traceability,4ef99127e648a2c97d5ab906da19e82cbf47c4e49dadc867dfae2afffcf061b9,554,Archived tabular evidence summary; values are interpreted only under the specified source-receiver model-checking framework.
tables/04_source_layers_and_headline_coordinates.csv,Tables and table notes,Reproducibility table,Table reproduction and reported-output traceability,68389177cb9d37982e63c5cd3c58bbfda75e565f6e285192e7826e865cbe87e3,3259,Archived tabular evidence summary; values are interpreted only under the specified source-receiver model-checking framework.
tables/04_source_layers_and_headline_coordinates_note.md,Tables and table notes,Reproducibility table note,Table reproduction and reported-output traceability,b4e0135faf1d623928750d37a16948b313301875c7e2fdd06babb83778486ff0,595,Archived tabular evidence summary; values are interpreted only under the specified source-receiver model-checking framework.
tables/05_matched_r1a_comparator_calibration_summary.csv,Tables and table notes,Reproducibility table,Table reproduction and reported-output traceability,7e2d821f9a6762a1bc5b9a1a87bfb29e38e2bf0bf917a357f4ae136b3cd7b719,5308,Archived tabular evidence summary; values are interpreted only under the specified source-receiver model-checking framework.
tables/05_matched_r1a_comparator_calibration_summary_note.md,Tables and table notes,Reproducibility table note,Table reproduction and reported-output traceability,dc16a3d8211d70db012afff9dee5c82ea37030e32217d5e1a79d06883d934416,1306,Archived tabular evidence summary; values are interpreted only under the specified source-receiver model-checking framework.
tables/06_adversarial_sensitivity_summary.csv,Tables and table notes,Reproducibility table,Table reproduction and reported-output traceability,8e03c4614bb0af0d02fa1bea02446b9b3016f0314d715b67a83430e5e16a6964,5348,Archived tabular evidence summary; values are interpreted only under the specified source-receiver model-checking framework.
tables/06_adversarial_sensitivity_summary_note.md,Tables and table notes,Reproducibility table note,Table reproduction and reported-output traceability,25bbed8c46bfad2878595a0aba2a3f4187853de1b1e45176ab01f6db4e2476ba,1381,Archived tabular evidence summary; values are interpreted only under the specified source-receiver model-checking framework.
tables/07_conditioned_denominator_summary.csv,Tables and table notes,Reproducibility table,Table reproduction and reported-output traceability,89f4f2afc1967fdd0e1aa02178fcb7a49179a59f671791070e572f7210d411e5,2019,Archived tabular evidence summary; values are interpreted only under the specified source-receiver model-checking framework.
tables/07_conditioned_denominator_summary_note.md,Tables and table notes,Reproducibility table note,Table reproduction and reported-output traceability,8a7b72ae29ec218f458dba340a1bb360fb1ca30c9dabe9ae99497a4c03bb3bca,886,Archived tabular evidence summary; values are interpreted only under the specified source-receiver model-checking framework.
tables/08_ancient_dna_directness_source_trace.csv,Tables and table notes,Reproducibility table,Table reproduction and reported-output traceability,01c7235d7f6b81029d517389f5de3d65562d5b8d8bc6103f7b8d808df22167ee,5035,Archived tabular evidence summary; values are interpreted only under the specified source-receiver model-checking framework.
tables/08_ancient_dna_directness_source_trace_note.md,Tables and table notes,Reproducibility table note,Table reproduction and reported-output traceability,bd3b3bf77dccb9fcd8f2810571e051190fcb19ca3abed6cce8b8bd7335fa1d1e,1240,Archived tabular evidence summary; values are interpreted only under the specified source-receiver model-checking framework.
tables/09_ancient_dna_visibility_gap_quantification.csv,Tables and table notes,Reproducibility table,Table reproduction and reported-output traceability,8b5150229ee9ec0ee11ea105cbb0d57442baf5ee31ebc0d4b4b97e366bcfd331,2004,Archived tabular evidence summary; values are interpreted only under the specified source-receiver model-checking framework.
tables/09_ancient_dna_visibility_gap_quantification_note.md,Tables and table notes,Reproducibility table note,Table reproduction and reported-output traceability,8799504ba8f44c4b1d2f8109c40ac31c34f92fb18b130120ed28849331175a74,1401,Archived tabular evidence summary; values are interpreted only under the specified source-receiver model-checking framework.
tables/10_integrated_sensitivity_and_ancient_dna_boundary_summary.csv,Tables and table notes,Reproducibility table,Table reproduction and reported-output traceability,421d3ee12833cc36b0ed237d678beff0c876ecfeeaf7608fd04fce2aef2c0b0a,3215,Archived tabular evidence summary; values are interpreted only under the specified source-receiver model-checking framework.
tables/10_integrated_sensitivity_and_ancient_dna_boundary_summary_note.md,Tables and table notes,Reproducibility table note,Table reproduction and reported-output traceability,72142f347d3298cb57ffc6a04017d8cf318ab3a998ac2e38f089f5ed832e208b,751,Archived tabular evidence summary; values are interpreted only under the specified source-receiver model-checking framework.
tables/11_branch_unit_reliability_pass_matrix.csv,Tables and table notes,Reproducibility table,Table reproduction and reported-output traceability,5a8742750e66d22f85ccfa0370c7fe29fafe6e3564f5f7c48588baec3738e304,20307,Archived tabular evidence summary; values are interpreted only under the specified source-receiver model-checking framework.
tables/11_branch_unit_reliability_pass_matrix_note.md,Tables and table notes,Reproducibility table note,Table reproduction and reported-output traceability,02a71aa293acb8af7ed02d0d2a4030057df5446ad1d7fd0c24e54805020d5b7a,1311,Archived tabular evidence summary; values are interpreted only under the specified source-receiver model-checking framework.
tables/12_branch_unit_reliability_pass_pivot_summary.csv,Tables and table notes,Reproducibility table,Table reproduction and reported-output traceability,b6751483437fa1e2de98c22379db87b2e9a4e5e495ee48b268a68a781c148feb,3310,Archived tabular evidence summary; values are interpreted only under the specified source-receiver model-checking framework.
tables/12_branch_unit_reliability_pass_pivot_summary_note.md,Tables and table notes,Reproducibility table note,Table reproduction and reported-output traceability,67926bb79b851e447a6352019a23b3c5a857a4b5d017a8111c0e3d626ec380cc,812,Archived tabular evidence summary; values are interpreted only under the specified source-receiver model-checking framework.
tables/13_source_receiver_highlight_contracts.csv,Tables and table notes,Reproducibility table,Table reproduction and reported-output traceability,46905277bb6c795c3d63af60eba50a8785d4702e39131075daad41953d6dbe47,3372,Archived tabular evidence summary; values are interpreted only under the specified source-receiver model-checking framework.
tables/13_source_receiver_highlight_contracts_note.md,Tables and table notes,Reproducibility table note,Table reproduction and reported-output traceability,1eaa644999ff7af44d075cb1c40ebc0ee971ea08e27f2eda471af63d769c879c,996,Archived tabular evidence summary; values are interpreted only under the specified source-receiver model-checking framework.
tables/14_yfull_reliability_atlas_background.csv,Tables and table notes,Reproducibility table,Table reproduction and reported-output traceability,f4a27b01a63d4a1ceea5c26d481e1355cd78ff99bf619b63fc3095637fbbc5c7,491871,Archived tabular evidence summary; values are interpreted only under the specified source-receiver model-checking framework.
tables/14_yfull_reliability_atlas_background_note.md,Tables and table notes,Reproducibility table note,Table reproduction and reported-output traceability,38e7003aab525ccb66d1f841af2ab13ef3e655c20b8d81da564243de389ab9f1,1603,Archived tabular evidence summary; values are interpreted only under the specified source-receiver model-checking framework.
tables/15_parser_headline_sensitivity.csv,Tables and table notes,Reproducibility table,Table reproduction and reported-output traceability,7339640427404f80ac7c39769377563c13914620802281377fb32f2129496269,3730,Archived tabular evidence summary; values are interpreted only under the specified source-receiver model-checking framework.
tables/15_parser_headline_sensitivity_note.md,Tables and table notes,Reproducibility table note,Table reproduction and reported-output traceability,5cce97013a313e58ae2bfe48ff8e14f68d7d69f4603ad83dc02227d446229486,1323,Archived tabular evidence summary; values are interpreted only under the specified source-receiver model-checking framework.
tables/16_parser_failed_rows_action_table.csv,Tables and table notes,Reproducibility table,Table reproduction and reported-output traceability,94072392c5e3c6e33dd2bf1b7164d28deb7ea35f9bcafc0e494b40fab7d57bb8,958,Archived tabular evidence summary; values are interpreted only under the specified source-receiver model-checking framework.
tables/16_parser_failed_rows_action_table_note.md,Tables and table notes,Reproducibility table note,Table reproduction and reported-output traceability,226bc4e91041891b1aa78296d7a691cc33f4d654bab36752ebfabde559f2d48f,1011,Archived tabular evidence summary; values are interpreted only under the specified source-receiver model-checking framework.
tables/17_diversity_contrast_log_base_audit.csv,Tables and table notes,Reproducibility table,Table reproduction and reported-output traceability,7b04361f6713396cb50ad92d8a983bf76e3872581345d14ad0059ebcaf402545,8576,Archived tabular evidence summary; values are interpreted only under the specified source-receiver model-checking framework.
tables/17_diversity_contrast_log_base_audit_note.md,Tables and table notes,Reproducibility table note,Table reproduction and reported-output traceability,3b62e8d0790dbd1a3b2c5213eb684463b7e52cb965295687ffbb9fc9014c18b1,1327,Archived tabular evidence summary; values are interpreted only under the specified source-receiver model-checking framework.
tables/18_ancient_y_directness_evidence_trace.csv,Tables and table notes,Reproducibility table,Table reproduction and reported-output traceability,0ffffbc929e4ca3c2c45718ccdf8495dc2a0984f726d97a7f8daebcd0c9b6411,5526,Archived tabular evidence summary; values are interpreted only under the specified source-receiver model-checking framework.
tables/18_ancient_y_directness_evidence_trace_note.md,Tables and table notes,Reproducibility table note,Table reproduction and reported-output traceability,2044d91efd7b928b734c1cc2d54c76228435a9916e26fb6c6f0e96e5835f8db6,894,Archived tabular evidence summary; values are interpreted only under the specified source-receiver model-checking framework.
tables/19_direct_negative_control_eligibility_audit.csv,Tables and table notes,Reproducibility table,Table reproduction and reported-output traceability,875c9b85a66a6a274b3713d7b7a64c6e0b7063adcc70922ae41fde095469e3f5,1984,Archived tabular evidence summary; values are interpreted only under the specified source-receiver model-checking framework.
tables/19_direct_negative_control_eligibility_audit_note.md,Tables and table notes,Reproducibility table note,Table reproduction and reported-output traceability,1ce11b97ec34e704b8af62fa47a20f8e10e4379bee95f6f34d40c98f861c2f89,1288,Archived tabular evidence summary; values are interpreted only under the specified source-receiver model-checking framework.
tables/20_supplementary_figure_s1_visibility_map_provenance.csv,Tables and table notes,Reproducibility table,Table reproduction and reported-output traceability,e9e78172bc6a438a82ae401ef3181348cbd105254d3df87bc4afd76025fdf354,2601,File-level provenance only; not an analytical result.
tables/20_supplementary_figure_s1_visibility_map_provenance_note.md,Tables and table notes,Reproducibility table note,Table reproduction and reported-output traceability,853aeb19c0cc757ac8d27baa4dd19223b1a410f3b601037f3d36201c6ea95e89,671,File-level provenance only; not an analytical result.
tables/21_supplementary_figure_s1_ancient_dna_plotted_points.csv,Tables and table notes,Reproducibility table,Table reproduction and reported-output traceability,363f1089d098a7a56eeb60c125c2bf4e023c5826dcc70681c515083c1ffc93ff,340170,Archived tabular evidence summary; values are interpreted only under the specified source-receiver model-checking framework.
tables/21_supplementary_figure_s1_ancient_dna_plotted_points_note.md,Tables and table notes,Reproducibility table note,Table reproduction and reported-output traceability,9f6c68c98d48a1ea9f158024445ee0e224edaaa92bc692e3ed34e1c2f3f60f2e,1210,Archived tabular evidence summary; values are interpreted only under the specified source-receiver model-checking framework.
tables/22_supplementary_figure_s1_ph908_relic_footprint_locality_points.csv,Tables and table notes,Reproducibility table,Table reproduction and reported-output traceability,d83f729cb8c99e5f96d5c235d13b2ac62cae7372505a41e67ce129868689e479,9361,Archived tabular evidence summary; values are interpreted only under the specified source-receiver model-checking framework.
tables/22_supplementary_figure_s1_ph908_relic_footprint_locality_points_note.md,Tables and table notes,Reproducibility table note,Table reproduction and reported-output traceability,ec830ccbf5825601ab7609e85e0153a2939bbc2a58dedf5102e1e75d2b0a7c58,1940,Archived tabular evidence summary; values are interpreted only under the specified source-receiver model-checking framework.
tables/23_figure_2_yfull_reliability_atlas_provenance.csv,Tables and table notes,Reproducibility table,Table reproduction and reported-output traceability,c8e9abc173dc4b98b9894c8c422fdd35c2b35d5fc86ed6d10917a66538317e68,2261,File-level provenance only; not an analytical result.
tables/23_figure_2_yfull_reliability_atlas_provenance_note.md,Tables and table notes,Reproducibility table note,Table reproduction and reported-output traceability,8eeeb9800751ac10abaea952c605ae20df607e09275a9944a1935c171569589b,702,File-level provenance only; not an analytical result.
tables/24_figure_3_ph908_r1a_source_receiver_contrast_provenance.csv,Tables and table notes,Reproducibility table,Table reproduction and reported-output traceability,c7861290cf2fcd338b502861394ea31a0a501e8803c1c72904571710c2667dde,2777,File-level provenance only; not an analytical result.
tables/24_figure_3_ph908_r1a_source_receiver_contrast_provenance_note.md,Tables and table notes,Reproducibility table note,Table reproduction and reported-output traceability,43ceba81bd92efbc59ddd4854e22ee9874c44049b98f8a0b2829391840fb0844,880,File-level provenance only; not an analytical result.
tables/25_figure_4_visibility_mask_sensitivity_provenance.csv,Tables and table notes,Reproducibility table,Table reproduction and reported-output traceability,a16d6ae1be6c5dfc95e84cefd188771d4214e211d84df9f3aee2b57e00e1d720,3223,File-level provenance only; not an analytical result.
tables/25_figure_4_visibility_mask_sensitivity_provenance_note.md,Tables and table notes,Reproducibility table note,Table reproduction and reported-output traceability,05b8f27cf39c4f3f79a6872d992f0ca5935c4a72d1ae69ce1062ccc7040deae7,1162,File-level provenance only; not an analytical result.
tables/26_benchmark_audit_card_matrix.csv,Tables and table notes,Reproducibility table,Table reproduction and reported-output traceability,5d8fdfed1d13ac37154b3b61fed7b19c1e4c116ddbd2d823c119cc81a02332bf,5192,Archived tabular evidence summary; values are interpreted only under the specified source-receiver model-checking framework.
tables/26_benchmark_audit_card_matrix_note.md,Tables and table notes,Reproducibility table note,Table reproduction and reported-output traceability,dced7c9672d027f9e559008d60546689f9c06fd2d17afb5cd72e4878494b373d,2261,Archived tabular evidence summary; values are interpreted only under the specified source-receiver model-checking framework.
tables/27_figure_4_sensitivity_design_denominator_matrix.csv,Tables and table notes,Reproducibility table,Table reproduction and reported-output traceability,5e8db04a85401875176555e8c2cbf1196c77ddaea713c23d056a4dbb909e0844,4704,Archived tabular evidence summary; values are interpreted only under the specified source-receiver model-checking framework.
tables/27_figure_4_sensitivity_design_denominator_matrix_note.md,Tables and table notes,Reproducibility table note,Table reproduction and reported-output traceability,719136320cf736bca3066b30a6f3aca6a043be9c211a254263413aa4c58b17a1,1717,Archived tabular evidence summary; values are interpreted only under the specified source-receiver model-checking framework.
tables/28_figure_4_synthetic_source_visibility_degradation_trace.csv,Tables and table notes,Reproducibility table,Table reproduction and reported-output traceability,ab99145ec8ad80bf0076fccd622cd55fe1aa27b4f33ab95f0b4f64afba77b653,81911,Archived tabular evidence summary; values are interpreted only under the specified source-receiver model-checking framework.
tables/28_figure_4_synthetic_source_visibility_degradation_trace_note.md,Tables and table notes,Reproducibility table note,Table reproduction and reported-output traceability,1ba5bbc06943f8fca0f2d45601a82e4f33849f84e27db2d76f751f3c28f27989,1636,Archived tabular evidence summary; values are interpreted only under the specified source-receiver model-checking framework.
tables/29_figure_1_reliability_framework_provenance.csv,Tables and table notes,Reproducibility table,Table reproduction and reported-output traceability,cffebc6c982c8749f43b7723f1d05695abc0d1e0af129bc1133d73c5ffb6f70a,2485,File-level provenance only; not an analytical result.
tables/29_figure_1_reliability_framework_provenance_note.md,Tables and table notes,Reproducibility table note,Table reproduction and reported-output traceability,06025e5254f30e0010b44f0397e5a3db8663990988e641cb0a7ab79aeb2ddfcf,765,File-level provenance only; not an analytical result.
tables/30_figure_4_primary_visibility_bias_reversal_summary.csv,Tables and table notes,Reproducibility table,Table reproduction and reported-output traceability,5d46b93adeb9c1583c06464fe527db0e477ec0250999a1ee3cf2456b6c790deb,2176,Archived tabular evidence summary; values are interpreted only under the specified source-receiver model-checking framework.
tables/30_figure_4_primary_visibility_bias_reversal_summary_note.md,Tables and table notes,Reproducibility table note,Table reproduction and reported-output traceability,ec7c31eb41ed2ab684edfa3db8dfaa4e97a41b2cb0b033f80384fb65d6742582,758,Archived tabular evidence summary; values are interpreted only under the specified source-receiver model-checking framework.
tables/31_computational_to_reported_vocabulary_alias_map.csv,Tables and table notes,Reproducibility table,Table reproduction and reported-output traceability,6e119e3a75f168b89444a78e599378b7bede0a2596a07a68ef3ff60a474587e3,3453,Archived tabular evidence summary; values are interpreted only under the specified source-receiver model-checking framework.
tables/31_computational_to_reported_vocabulary_alias_map_note.md,Tables and table notes,Reproducibility table note,Table reproduction and reported-output traceability,33b54e362177ee14e5c99fc3c38a57d65d6f9222f3e3eb0db560a0167d27d0a5,817,Archived tabular evidence summary; values are interpreted only under the specified source-receiver model-checking framework.
tables/32_reproducibility_dependency_ledger.csv,Tables and table notes,Reproducibility table,Table reproduction and reported-output traceability,fb7da99c22c4479017616ebee06b55cdebd610423d221f016367bb87c7ea5429,24501,Archived tabular evidence summary; values are interpreted only under the specified source-receiver model-checking framework.
tables/33_source_receiver_mask_country_membership_and_boundary_rules.csv,Tables and table notes,Reproducibility table,Table reproduction and reported-output traceability,4d4df1b72a3ddb5931039a6f42845876312b554d1739c5fd6d1ea2e68650fbe6,96071,Archived tabular evidence summary; values are interpreted only under the specified source-receiver model-checking framework.
tables/33_source_receiver_mask_country_membership_and_boundary_rules_note.md,Tables and table notes,Reproducibility table note,Table reproduction and reported-output traceability,fc6469e1e426553b293b9c694f19e861ea78f49c8a7467402e94bcf7aeb6438a,1683,Archived tabular evidence summary; values are interpreted only under the specified source-receiver model-checking framework.
tables/34_related_work_overlap_and_claim_separation.csv,Tables and table notes,Reproducibility table,Table reproduction and reported-output traceability,3fa51c98c161cd0ba8910c9daf7631325858a31a700a71a91cfc1947bdc6f5ed,2050,Archived tabular evidence summary; values are interpreted only under the specified source-receiver model-checking framework.
tables/34_related_work_overlap_and_claim_separation_note.md,Tables and table notes,Reproducibility table note,Table reproduction and reported-output traceability,bdc01a66da266bee6fc79734badf45d1275ad708170b82bd3de663c387d3f5d5,465,Archived tabular evidence summary; values are interpreted only under the specified source-receiver model-checking framework.
tables/35_reliability_layer_ablation_summary.csv,Tables and table notes,Reproducibility table,Table reproduction and reported-output traceability,c64b84ee3a21356f3d1ac0d2731e52b668b538baac44489ca8b5a8fdc4fd7667,3848,Archived tabular evidence summary; values are interpreted only under the specified source-receiver model-checking framework.
tables/35_reliability_layer_ablation_summary_note.md,Tables and table notes,Reproducibility table note,Table reproduction and reported-output traceability,75e701fa7ac70ff7362d6f5f0141a3a4933e6e1ab60c361ac7f185b74c6cd0ca,1223,Archived tabular evidence summary; values are interpreted only under the specified source-receiver model-checking framework.
tables/36_figure_color_accessibility_audit.csv,Tables and table notes,Reproducibility table,Table reproduction and reported-output traceability,a075a75e6dff7e9ab0dd86716a64155b2757949d506c911e7ad4630f4d8f88b0,3684,Archived tabular evidence summary; values are interpreted only under the specified source-receiver model-checking framework.
tables/36_figure_color_accessibility_audit_note.md,Tables and table notes,Reproducibility table note,Table reproduction and reported-output traceability,a289d766e6420e641b70f3bd76e7bb011fced306cdee0829855d635b8772693b,711,Archived tabular evidence summary; values are interpreted only under the specified source-receiver model-checking framework.
tables/main_table_1_source_receiver_audit_cards.csv,Tables and table notes,Reproducibility table,Table reproduction and reported-output traceability,a3285274a7058bcdba6e10cf04a1eebfb16bf5426db6030aaa4cf4b85c38ba40,6771,Archived tabular evidence summary; values are interpreted only under the specified source-receiver model-checking framework.
tables/main_table_1_source_receiver_audit_cards_note.md,Tables and table notes,Reproducibility table note,Table reproduction and reported-output traceability,73bf514fc9606e039b8aa380b728091b2af9a53a6ad17923e4f49b0461e7fcf0,1598,Archived tabular evidence summary; values are interpreted only under the specified source-receiver model-checking framework.
