"lineage_label","match_type","matched_label_or_alias","matched_yfull_node_id","formed_ybp","tmrca_ybp","occurrence_count","example_source_file","example_column","public_tree_snapshot","snapshot_sha256","license_note","claim_boundary"
"A1b","node_id","A1b","A1b","133400","130700","1140","source_data/core_yfull/source_receiver_reliability_atlas.csv","root","YFullTeam/YTree current_tree.json version 14.02.0","e46e840025fb60314c918bb4bf35eb31fdac8a885f2d71dde81d162417dd9df3","YFullTeam/YTree GitHub snapshot distributed under CC-BY-4.0; repository retains only branch-identity crosswalk and derived aggregate model quantities.","Branch-identity provenance only; not raw YFull user data, not per-sample geography, and not evidence of exact geographic origin, ethnic identity, population continuity, migration route, ancient-DNA confirmation, or population-level probability."
"A28710","snp_alias","A28710","I-A28710","250","50","4","source_data/supplementary_figure_s1/s1_02_ph908_relic_footprint_locality_points.csv","terminal_branch","YFullTeam/YTree current_tree.json version 14.02.0","e46e840025fb60314c918bb4bf35eb31fdac8a885f2d71dde81d162417dd9df3","YFullTeam/YTree GitHub snapshot distributed under CC-BY-4.0; repository retains only branch-identity crosswalk and derived aggregate model quantities.","Branch-identity provenance only; not raw YFull user data, not per-sample geography, and not evidence of exact geographic origin, ethnic identity, population continuity, migration route, ancient-DNA confirmation, or population-level probability."
"C","node_id","C","C","65900","48800","60","source_data/core_yfull/source_receiver_reliability_atlas.csv","root","YFullTeam/YTree current_tree.json version 14.02.0","e46e840025fb60314c918bb4bf35eb31fdac8a885f2d71dde81d162417dd9df3","YFullTeam/YTree GitHub snapshot distributed under CC-BY-4.0; repository retains only branch-identity crosswalk and derived aggregate model quantities.","Branch-identity provenance only; not raw YFull user data, not per-sample geography, and not evidence of exact geographic origin, ethnic identity, population continuity, migration route, ancient-DNA confirmation, or population-level probability."
"C-M217","node_id","C-M217","C-M217","48800","34000","18","source_data/core_yfull/source_receiver_reliability_atlas.csv","root","YFullTeam/YTree current_tree.json version 14.02.0","e46e840025fb60314c918bb4bf35eb31fdac8a885f2d71dde81d162417dd9df3","YFullTeam/YTree GitHub snapshot distributed under CC-BY-4.0; repository retains only branch-identity crosswalk and derived aggregate model quantities.","Branch-identity provenance only; not raw YFull user data, not per-sample geography, and not evidence of exact geographic origin, ethnic identity, population continuity, migration route, ancient-DNA confirmation, or population-level probability."
"E","node_id","E","E","65200","52300","396","source_data/core_yfull/source_receiver_reliability_atlas.csv","root","YFullTeam/YTree current_tree.json version 14.02.0","e46e840025fb60314c918bb4bf35eb31fdac8a885f2d71dde81d162417dd9df3","YFullTeam/YTree GitHub snapshot distributed under CC-BY-4.0; repository retains only branch-identity crosswalk and derived aggregate model quantities.","Branch-identity provenance only; not raw YFull user data, not per-sample geography, and not evidence of exact geographic origin, ethnic identity, population continuity, migration route, ancient-DNA confirmation, or population-level probability."
"E-M123","node_id","E-M123","E-M123","18800","17400","60","source_data/core_yfull/source_receiver_reliability_atlas.csv","root","YFullTeam/YTree current_tree.json version 14.02.0","e46e840025fb60314c918bb4bf35eb31fdac8a885f2d71dde81d162417dd9df3","YFullTeam/YTree GitHub snapshot distributed under CC-BY-4.0; repository retains only branch-identity crosswalk and derived aggregate model quantities.","Branch-identity provenance only; not raw YFull user data, not per-sample geography, and not evidence of exact geographic origin, ethnic identity, population continuity, migration route, ancient-DNA confirmation, or population-level probability."
"E-M2","node_id","E-M2","E-M2","39100","16400","92","source_data/core_yfull/source_receiver_reliability_atlas.csv","root","YFullTeam/YTree current_tree.json version 14.02.0","e46e840025fb60314c918bb4bf35eb31fdac8a885f2d71dde81d162417dd9df3","YFullTeam/YTree GitHub snapshot distributed under CC-BY-4.0; repository retains only branch-identity crosswalk and derived aggregate model quantities.","Branch-identity provenance only; not raw YFull user data, not per-sample geography, and not evidence of exact geographic origin, ethnic identity, population continuity, migration route, ancient-DNA confirmation, or population-level probability."
"E-M34","node_id","E-M34","E-M34","17400","14900","60","source_data/core_yfull/source_receiver_reliability_atlas.csv","root","YFullTeam/YTree current_tree.json version 14.02.0","e46e840025fb60314c918bb4bf35eb31fdac8a885f2d71dde81d162417dd9df3","YFullTeam/YTree GitHub snapshot distributed under CC-BY-4.0; repository retains only branch-identity crosswalk and derived aggregate model quantities.","Branch-identity provenance only; not raw YFull user data, not per-sample geography, and not evidence of exact geographic origin, ethnic identity, population continuity, migration route, ancient-DNA confirmation, or population-level probability."
"E-M78","node_id","E-M78","E-M78","19000","13100","126","source_data/core_yfull/source_receiver_reliability_atlas.csv","root","YFullTeam/YTree current_tree.json version 14.02.0","e46e840025fb60314c918bb4bf35eb31fdac8a885f2d71dde81d162417dd9df3","YFullTeam/YTree GitHub snapshot distributed under CC-BY-4.0; repository retains only branch-identity crosswalk and derived aggregate model quantities.","Branch-identity provenance only; not raw YFull user data, not per-sample geography, and not evidence of exact geographic origin, ethnic identity, population continuity, migration route, ancient-DNA confirmation, or population-level probability."
"E-M81","node_id","E-M81","E-M81","13500","4200","55","source_data/core_branch_unit_reliability/branch_unit_contract_metadata.csv","lineage_root","YFullTeam/YTree current_tree.json version 14.02.0","e46e840025fb60314c918bb4bf35eb31fdac8a885f2d71dde81d162417dd9df3","YFullTeam/YTree GitHub snapshot distributed under CC-BY-4.0; repository retains only branch-identity crosswalk and derived aggregate model quantities.","Branch-identity provenance only; not raw YFull user data, not per-sample geography, and not evidence of exact geographic origin, ethnic identity, population continuity, migration route, ancient-DNA confirmation, or population-level probability."
"E-V12","node_id","E-V12","E-V12","12200","10400","36","source_data/core_yfull/source_receiver_reliability_atlas.csv","root","YFullTeam/YTree current_tree.json version 14.02.0","e46e840025fb60314c918bb4bf35eb31fdac8a885f2d71dde81d162417dd9df3","YFullTeam/YTree GitHub snapshot distributed under CC-BY-4.0; repository retains only branch-identity crosswalk and derived aggregate model quantities.","Branch-identity provenance only; not raw YFull user data, not per-sample geography, and not evidence of exact geographic origin, ethnic identity, population continuity, migration route, ancient-DNA confirmation, or population-level probability."
"E-V13","node_id","E-V13","E-V13","8000","4800","60","source_data/core_yfull/source_receiver_reliability_atlas.csv","root","YFullTeam/YTree current_tree.json version 14.02.0","e46e840025fb60314c918bb4bf35eb31fdac8a885f2d71dde81d162417dd9df3","YFullTeam/YTree GitHub snapshot distributed under CC-BY-4.0; repository retains only branch-identity crosswalk and derived aggregate model quantities.","Branch-identity provenance only; not raw YFull user data, not per-sample geography, and not evidence of exact geographic origin, ethnic identity, population continuity, migration route, ancient-DNA confirmation, or population-level probability."
"E-V22","node_id","E-V22","E-V22","11700","8100","6","source_data/core_yfull/source_receiver_reliability_atlas.csv","root","YFullTeam/YTree current_tree.json version 14.02.0","e46e840025fb60314c918bb4bf35eb31fdac8a885f2d71dde81d162417dd9df3","YFullTeam/YTree GitHub snapshot distributed under CC-BY-4.0; repository retains only branch-identity crosswalk and derived aggregate model quantities.","Branch-identity provenance only; not raw YFull user data, not per-sample geography, and not evidence of exact geographic origin, ethnic identity, population continuity, migration route, ancient-DNA confirmation, or population-level probability."
"E-V38","node_id","E-V38","E-V38","41300","39100","90","source_data/core_yfull/source_receiver_reliability_atlas.csv","root","YFullTeam/YTree current_tree.json version 14.02.0","e46e840025fb60314c918bb4bf35eb31fdac8a885f2d71dde81d162417dd9df3","YFullTeam/YTree GitHub snapshot distributed under CC-BY-4.0; repository retains only branch-identity crosswalk and derived aggregate model quantities.","Branch-identity provenance only; not raw YFull user data, not per-sample geography, and not evidence of exact geographic origin, ethnic identity, population continuity, migration route, ancient-DNA confirmation, or population-level probability."
"E-Z5009","node_id","E-Z5009","E-Z5009","2100","2100","18","source_data/core_yfull/source_receiver_reliability_atlas.csv","root","YFullTeam/YTree current_tree.json version 14.02.0","e46e840025fb60314c918bb4bf35eb31fdac8a885f2d71dde81d162417dd9df3","YFullTeam/YTree GitHub snapshot distributed under CC-BY-4.0; repository retains only branch-identity crosswalk and derived aggregate model quantities.","Branch-identity provenance only; not raw YFull user data, not per-sample geography, and not evidence of exact geographic origin, ethnic identity, population continuity, migration route, ancient-DNA confirmation, or population-level probability."
"F","node_id","F","F","65900","48800","720","source_data/core_yfull/source_receiver_reliability_atlas.csv","root","YFullTeam/YTree current_tree.json version 14.02.0","e46e840025fb60314c918bb4bf35eb31fdac8a885f2d71dde81d162417dd9df3","YFullTeam/YTree GitHub snapshot distributed under CC-BY-4.0; repository retains only branch-identity crosswalk and derived aggregate model quantities.","Branch-identity provenance only; not raw YFull user data, not per-sample geography, and not evidence of exact geographic origin, ethnic identity, population continuity, migration route, ancient-DNA confirmation, or population-level probability."
"FT407280","snp_alias","FT407280","I-FT407280","1600","1350","4","source_data/supplementary_figure_s1/s1_02_ph908_relic_footprint_locality_points.csv","terminal_branch","YFullTeam/YTree current_tree.json version 14.02.0","e46e840025fb60314c918bb4bf35eb31fdac8a885f2d71dde81d162417dd9df3","YFullTeam/YTree GitHub snapshot distributed under CC-BY-4.0; repository retains only branch-identity crosswalk and derived aggregate model quantities.","Branch-identity provenance only; not raw YFull user data, not per-sample geography, and not evidence of exact geographic origin, ethnic identity, population continuity, migration route, ancient-DNA confirmation, or population-level probability."
"FTA26387","snp_alias","FTA26387","I-FTA26387","1350","1350","4","source_data/supplementary_figure_s1/s1_02_ph908_relic_footprint_locality_points.csv","terminal_branch","YFullTeam/YTree current_tree.json version 14.02.0","e46e840025fb60314c918bb4bf35eb31fdac8a885f2d71dde81d162417dd9df3","YFullTeam/YTree GitHub snapshot distributed under CC-BY-4.0; repository retains only branch-identity crosswalk and derived aggregate model quantities.","Branch-identity provenance only; not raw YFull user data, not per-sample geography, and not evidence of exact geographic origin, ethnic identity, population continuity, migration route, ancient-DNA confirmation, or population-level probability."
"FTA65128","snp_alias","FTA65128","I-FTA65128","1350","1300","4","source_data/supplementary_figure_s1/s1_02_ph908_relic_footprint_locality_points.csv","terminal_branch","YFullTeam/YTree current_tree.json version 14.02.0","e46e840025fb60314c918bb4bf35eb31fdac8a885f2d71dde81d162417dd9df3","YFullTeam/YTree GitHub snapshot distributed under CC-BY-4.0; repository retains only branch-identity crosswalk and derived aggregate model quantities.","Branch-identity provenance only; not raw YFull user data, not per-sample geography, and not evidence of exact geographic origin, ethnic identity, population continuity, migration route, ancient-DNA confirmation, or population-level probability."
"FTB12377","snp_alias","FTB12377","I-FTB12377","650","425","4","source_data/supplementary_figure_s1/s1_02_ph908_relic_footprint_locality_points.csv","terminal_branch","YFullTeam/YTree current_tree.json version 14.02.0","e46e840025fb60314c918bb4bf35eb31fdac8a885f2d71dde81d162417dd9df3","YFullTeam/YTree GitHub snapshot distributed under CC-BY-4.0; repository retains only branch-identity crosswalk and derived aggregate model quantities.","Branch-identity provenance only; not raw YFull user data, not per-sample geography, and not evidence of exact geographic origin, ethnic identity, population continuity, migration route, ancient-DNA confirmation, or population-level probability."
"FTB32566","snp_alias","FTB32566","I-FTB32566","1600","800","4","source_data/supplementary_figure_s1/s1_02_ph908_relic_footprint_locality_points.csv","terminal_branch","YFullTeam/YTree current_tree.json version 14.02.0","e46e840025fb60314c918bb4bf35eb31fdac8a885f2d71dde81d162417dd9df3","YFullTeam/YTree GitHub snapshot distributed under CC-BY-4.0; repository retains only branch-identity crosswalk and derived aggregate model quantities.","Branch-identity provenance only; not raw YFull user data, not per-sample geography, and not evidence of exact geographic origin, ethnic identity, population continuity, migration route, ancient-DNA confirmation, or population-level probability."
"FTC69351","snp_alias","FTC69351","I-FTC69351","1300","1300","4","source_data/supplementary_figure_s1/s1_02_ph908_relic_footprint_locality_points.csv","terminal_branch","YFullTeam/YTree current_tree.json version 14.02.0","e46e840025fb60314c918bb4bf35eb31fdac8a885f2d71dde81d162417dd9df3","YFullTeam/YTree GitHub snapshot distributed under CC-BY-4.0; repository retains only branch-identity crosswalk and derived aggregate model quantities.","Branch-identity provenance only; not raw YFull user data, not per-sample geography, and not evidence of exact geographic origin, ethnic identity, population continuity, migration route, ancient-DNA confirmation, or population-level probability."
"FTD21598","snp_alias","FTD21598","I-FTD21598","900","500","4","source_data/supplementary_figure_s1/s1_02_ph908_relic_footprint_locality_points.csv","terminal_branch","YFullTeam/YTree current_tree.json version 14.02.0","e46e840025fb60314c918bb4bf35eb31fdac8a885f2d71dde81d162417dd9df3","YFullTeam/YTree GitHub snapshot distributed under CC-BY-4.0; repository retains only branch-identity crosswalk and derived aggregate model quantities.","Branch-identity provenance only; not raw YFull user data, not per-sample geography, and not evidence of exact geographic origin, ethnic identity, population continuity, migration route, ancient-DNA confirmation, or population-level probability."
"G","node_id","G","G","48500","25200","126","source_data/core_yfull/source_receiver_reliability_atlas.csv","root","YFullTeam/YTree current_tree.json version 14.02.0","e46e840025fb60314c918bb4bf35eb31fdac8a885f2d71dde81d162417dd9df3","YFullTeam/YTree GitHub snapshot distributed under CC-BY-4.0; repository retains only branch-identity crosswalk and derived aggregate model quantities.","Branch-identity provenance only; not raw YFull user data, not per-sample geography, and not evidence of exact geographic origin, ethnic identity, population continuity, migration route, ancient-DNA confirmation, or population-level probability."
"G-L497","node_id","G-L497","G-L497","10600","7300","6","source_data/core_yfull/source_receiver_reliability_atlas.csv","root","YFullTeam/YTree current_tree.json version 14.02.0","e46e840025fb60314c918bb4bf35eb31fdac8a885f2d71dde81d162417dd9df3","YFullTeam/YTree GitHub snapshot distributed under CC-BY-4.0; repository retains only branch-identity crosswalk and derived aggregate model quantities.","Branch-identity provenance only; not raw YFull user data, not per-sample geography, and not evidence of exact geographic origin, ethnic identity, population continuity, migration route, ancient-DNA confirmation, or population-level probability."
"G-M406","node_id","G-M406","G-M406","14400","12700","6","source_data/core_yfull/source_receiver_reliability_atlas.csv","root","YFullTeam/YTree current_tree.json version 14.02.0","e46e840025fb60314c918bb4bf35eb31fdac8a885f2d71dde81d162417dd9df3","YFullTeam/YTree GitHub snapshot distributed under CC-BY-4.0; repository retains only branch-identity crosswalk and derived aggregate model quantities.","Branch-identity provenance only; not raw YFull user data, not per-sample geography, and not evidence of exact geographic origin, ethnic identity, population continuity, migration route, ancient-DNA confirmation, or population-level probability."
"G-P303","node_id","G-P303","G-P303","14400","11200","60","source_data/core_yfull/source_receiver_reliability_atlas.csv","root","YFullTeam/YTree current_tree.json version 14.02.0","e46e840025fb60314c918bb4bf35eb31fdac8a885f2d71dde81d162417dd9df3","YFullTeam/YTree GitHub snapshot distributed under CC-BY-4.0; repository retains only branch-identity crosswalk and derived aggregate model quantities.","Branch-identity provenance only; not raw YFull user data, not per-sample geography, and not evidence of exact geographic origin, ethnic identity, population continuity, migration route, ancient-DNA confirmation, or population-level probability."
"H","node_id","H","H","48500","45600","6","source_data/core_yfull/source_receiver_reliability_atlas.csv","root","YFullTeam/YTree current_tree.json version 14.02.0","e46e840025fb60314c918bb4bf35eb31fdac8a885f2d71dde81d162417dd9df3","YFullTeam/YTree GitHub snapshot distributed under CC-BY-4.0; repository retains only branch-identity crosswalk and derived aggregate model quantities.","Branch-identity provenance only; not raw YFull user data, not per-sample geography, and not evidence of exact geographic origin, ethnic identity, population continuity, migration route, ancient-DNA confirmation, or population-level probability."
"H-M82","node_id","H-M82","H-M82","15900","15200","2","tables/main_table_1_source_receiver_audit_cards.csv","audit_card","YFullTeam/YTree current_tree.json version 14.02.0","e46e840025fb60314c918bb4bf35eb31fdac8a885f2d71dde81d162417dd9df3","YFullTeam/YTree GitHub snapshot distributed under CC-BY-4.0; repository retains only branch-identity crosswalk and derived aggregate model quantities.","Branch-identity provenance only; not raw YFull user data, not per-sample geography, and not evidence of exact geographic origin, ethnic identity, population continuity, migration route, ancient-DNA confirmation, or population-level probability."
"I","node_id","I","I","42900","27500","90","source_data/core_yfull/source_receiver_reliability_atlas.csv","root","YFullTeam/YTree current_tree.json version 14.02.0","e46e840025fb60314c918bb4bf35eb31fdac8a885f2d71dde81d162417dd9df3","YFullTeam/YTree GitHub snapshot distributed under CC-BY-4.0; repository retains only branch-identity crosswalk and derived aggregate model quantities.","Branch-identity provenance only; not raw YFull user data, not per-sample geography, and not evidence of exact geographic origin, ethnic identity, population continuity, migration route, ancient-DNA confirmation, or population-level probability."
"I-CTS10228","node_id","I-CTS10228","I-CTS10228","5000","3400","18","source_data/core_yfull/source_receiver_reliability_atlas.csv","root","YFullTeam/YTree current_tree.json version 14.02.0","e46e840025fb60314c918bb4bf35eb31fdac8a885f2d71dde81d162417dd9df3","YFullTeam/YTree GitHub snapshot distributed under CC-BY-4.0; repository retains only branch-identity crosswalk and derived aggregate model quantities.","Branch-identity provenance only; not raw YFull user data, not per-sample geography, and not evidence of exact geographic origin, ethnic identity, population continuity, migration route, ancient-DNA confirmation, or population-level probability."
"I-DF29","node_id","I-DF29","I-DF29","4600","4600","60","source_data/core_yfull/source_receiver_reliability_atlas.csv","root","YFullTeam/YTree current_tree.json version 14.02.0","e46e840025fb60314c918bb4bf35eb31fdac8a885f2d71dde81d162417dd9df3","YFullTeam/YTree GitHub snapshot distributed under CC-BY-4.0; repository retains only branch-identity crosswalk and derived aggregate model quantities.","Branch-identity provenance only; not raw YFull user data, not per-sample geography, and not evidence of exact geographic origin, ethnic identity, population continuity, migration route, ancient-DNA confirmation, or population-level probability."
"I-L621","node_id","I-L621","I-L621","11600","6400","18","source_data/core_yfull/source_receiver_reliability_atlas.csv","root","YFullTeam/YTree current_tree.json version 14.02.0","e46e840025fb60314c918bb4bf35eb31fdac8a885f2d71dde81d162417dd9df3","YFullTeam/YTree GitHub snapshot distributed under CC-BY-4.0; repository retains only branch-identity crosswalk and derived aggregate model quantities.","Branch-identity provenance only; not raw YFull user data, not per-sample geography, and not evidence of exact geographic origin, ethnic identity, population continuity, migration route, ancient-DNA confirmation, or population-level probability."
"I-M423","node_id","I-M423","I-M423","18100","14100","60","source_data/core_yfull/source_receiver_reliability_atlas.csv","root","YFullTeam/YTree current_tree.json version 14.02.0","e46e840025fb60314c918bb4bf35eb31fdac8a885f2d71dde81d162417dd9df3","YFullTeam/YTree GitHub snapshot distributed under CC-BY-4.0; repository retains only branch-identity crosswalk and derived aggregate model quantities.","Branch-identity provenance only; not raw YFull user data, not per-sample geography, and not evidence of exact geographic origin, ethnic identity, population continuity, migration route, ancient-DNA confirmation, or population-level probability."
"I-PH908","node_id","I-PH908","I-PH908","2000","1700","91","source_data/core_branch_unit_reliability/branch_unit_contract_metadata.csv","lineage_root","YFullTeam/YTree current_tree.json version 14.02.0","e46e840025fb60314c918bb4bf35eb31fdac8a885f2d71dde81d162417dd9df3","YFullTeam/YTree GitHub snapshot distributed under CC-BY-4.0; repository retains only branch-identity crosswalk and derived aggregate model quantities.","Branch-identity provenance only; not raw YFull user data, not per-sample geography, and not evidence of exact geographic origin, ethnic identity, population continuity, migration route, ancient-DNA confirmation, or population-level probability."
"I-S17250","node_id","I-S17250","I-S17250","2200","2000","18","source_data/core_yfull/source_receiver_reliability_atlas.csv","root","YFullTeam/YTree current_tree.json version 14.02.0","e46e840025fb60314c918bb4bf35eb31fdac8a885f2d71dde81d162417dd9df3","YFullTeam/YTree GitHub snapshot distributed under CC-BY-4.0; repository retains only branch-identity crosswalk and derived aggregate model quantities.","Branch-identity provenance only; not raw YFull user data, not per-sample geography, and not evidence of exact geographic origin, ethnic identity, population continuity, migration route, ancient-DNA confirmation, or population-level probability."
"I-Y3120","node_id","I-Y3120","I-Y3120","3400","2200","18","source_data/core_yfull/source_receiver_reliability_atlas.csv","root","YFullTeam/YTree current_tree.json version 14.02.0","e46e840025fb60314c918bb4bf35eb31fdac8a885f2d71dde81d162417dd9df3","YFullTeam/YTree GitHub snapshot distributed under CC-BY-4.0; repository retains only branch-identity crosswalk and derived aggregate model quantities.","Branch-identity provenance only; not raw YFull user data, not per-sample geography, and not evidence of exact geographic origin, ethnic identity, population continuity, migration route, ancient-DNA confirmation, or population-level probability."
"I1","node_id","I1","I1","27500","4600","60","source_data/core_yfull/source_receiver_reliability_atlas.csv","root","YFullTeam/YTree current_tree.json version 14.02.0","e46e840025fb60314c918bb4bf35eb31fdac8a885f2d71dde81d162417dd9df3","YFullTeam/YTree GitHub snapshot distributed under CC-BY-4.0; repository retains only branch-identity crosswalk and derived aggregate model quantities.","Branch-identity provenance only; not raw YFull user data, not per-sample geography, and not evidence of exact geographic origin, ethnic identity, population continuity, migration route, ancient-DNA confirmation, or population-level probability."
"I2","node_id","I2","I2","27500","21500","60","source_data/core_yfull/source_receiver_reliability_atlas.csv","root","YFullTeam/YTree current_tree.json version 14.02.0","e46e840025fb60314c918bb4bf35eb31fdac8a885f2d71dde81d162417dd9df3","YFullTeam/YTree GitHub snapshot distributed under CC-BY-4.0; repository retains only branch-identity crosswalk and derived aggregate model quantities.","Branch-identity provenance only; not raw YFull user data, not per-sample geography, and not evidence of exact geographic origin, ethnic identity, population continuity, migration route, ancient-DNA confirmation, or population-level probability."
"I2a-PH908","canonical_label_variant","I-PH908","I-PH908","2000","1700","1","tables/main_table_1_source_receiver_audit_cards.csv","audit_card","YFullTeam/YTree current_tree.json version 14.02.0","e46e840025fb60314c918bb4bf35eb31fdac8a885f2d71dde81d162417dd9df3","YFullTeam/YTree GitHub snapshot distributed under CC-BY-4.0; repository retains only branch-identity crosswalk and derived aggregate model quantities.","Branch-identity provenance only; not raw YFull user data, not per-sample geography, and not evidence of exact geographic origin, ethnic identity, population continuity, migration route, ancient-DNA confirmation, or population-level probability."
"J-L283","node_id","J-L283","J-L283","9800","5600","18","source_data/core_yfull/source_receiver_reliability_atlas.csv","root","YFullTeam/YTree current_tree.json version 14.02.0","e46e840025fb60314c918bb4bf35eb31fdac8a885f2d71dde81d162417dd9df3","YFullTeam/YTree GitHub snapshot distributed under CC-BY-4.0; repository retains only branch-identity crosswalk and derived aggregate model quantities.","Branch-identity provenance only; not raw YFull user data, not per-sample geography, and not evidence of exact geographic origin, ethnic identity, population continuity, migration route, ancient-DNA confirmation, or population-level probability."
"J-M102","node_id","J-M102","J-M102","27600","15600","60","source_data/core_yfull/source_receiver_reliability_atlas.csv","root","YFullTeam/YTree current_tree.json version 14.02.0","e46e840025fb60314c918bb4bf35eb31fdac8a885f2d71dde81d162417dd9df3","YFullTeam/YTree GitHub snapshot distributed under CC-BY-4.0; repository retains only branch-identity crosswalk and derived aggregate model quantities.","Branch-identity provenance only; not raw YFull user data, not per-sample geography, and not evidence of exact geographic origin, ethnic identity, population continuity, migration route, ancient-DNA confirmation, or population-level probability."
"J-M241","node_id","J-M241","J-M241","12700","9800","60","source_data/core_yfull/source_receiver_reliability_atlas.csv","root","YFullTeam/YTree current_tree.json version 14.02.0","e46e840025fb60314c918bb4bf35eb31fdac8a885f2d71dde81d162417dd9df3","YFullTeam/YTree GitHub snapshot distributed under CC-BY-4.0; repository retains only branch-identity crosswalk and derived aggregate model quantities.","Branch-identity provenance only; not raw YFull user data, not per-sample geography, and not evidence of exact geographic origin, ethnic identity, population continuity, migration route, ancient-DNA confirmation, or population-level probability."
"J-M410","node_id","J-M410","J-M410","27600","19000","90","source_data/core_yfull/source_receiver_reliability_atlas.csv","root","YFullTeam/YTree current_tree.json version 14.02.0","e46e840025fb60314c918bb4bf35eb31fdac8a885f2d71dde81d162417dd9df3","YFullTeam/YTree GitHub snapshot distributed under CC-BY-4.0; repository retains only branch-identity crosswalk and derived aggregate model quantities.","Branch-identity provenance only; not raw YFull user data, not per-sample geography, and not evidence of exact geographic origin, ethnic identity, population continuity, migration route, ancient-DNA confirmation, or population-level probability."
"J-P58","node_id","J-P58","J-P58","11200","9200","127","source_data/core_branch_unit_reliability/branch_unit_contract_metadata.csv","lineage_root","YFullTeam/YTree current_tree.json version 14.02.0","e46e840025fb60314c918bb4bf35eb31fdac8a885f2d71dde81d162417dd9df3","YFullTeam/YTree GitHub snapshot distributed under CC-BY-4.0; repository retains only branch-identity crosswalk and derived aggregate model quantities.","Branch-identity provenance only; not raw YFull user data, not per-sample geography, and not evidence of exact geographic origin, ethnic identity, population continuity, migration route, ancient-DNA confirmation, or population-level probability."
"J-Z2215","node_id","J-Z2215","J-Z2215","18300","18100","90","source_data/core_yfull/source_receiver_reliability_atlas.csv","root","YFullTeam/YTree current_tree.json version 14.02.0","e46e840025fb60314c918bb4bf35eb31fdac8a885f2d71dde81d162417dd9df3","YFullTeam/YTree GitHub snapshot distributed under CC-BY-4.0; repository retains only branch-identity crosswalk and derived aggregate model quantities.","Branch-identity provenance only; not raw YFull user data, not per-sample geography, and not evidence of exact geographic origin, ethnic identity, population continuity, migration route, ancient-DNA confirmation, or population-level probability."
"J-Z631","node_id","J-Z631","J-Z631","3900","2900","18","source_data/core_yfull/source_receiver_reliability_atlas.csv","root","YFullTeam/YTree current_tree.json version 14.02.0","e46e840025fb60314c918bb4bf35eb31fdac8a885f2d71dde81d162417dd9df3","YFullTeam/YTree GitHub snapshot distributed under CC-BY-4.0; repository retains only branch-identity crosswalk and derived aggregate model quantities.","Branch-identity provenance only; not raw YFull user data, not per-sample geography, and not evidence of exact geographic origin, ethnic identity, population continuity, migration route, ancient-DNA confirmation, or population-level probability."
"J1","node_id","J1","J1","31600","18300","90","source_data/core_yfull/source_receiver_reliability_atlas.csv","root","YFullTeam/YTree current_tree.json version 14.02.0","e46e840025fb60314c918bb4bf35eb31fdac8a885f2d71dde81d162417dd9df3","YFullTeam/YTree GitHub snapshot distributed under CC-BY-4.0; repository retains only branch-identity crosswalk and derived aggregate model quantities.","Branch-identity provenance only; not raw YFull user data, not per-sample geography, and not evidence of exact geographic origin, ethnic identity, population continuity, migration route, ancient-DNA confirmation, or population-level probability."
"J2","node_id","J2","J2","31600","27600","168","source_data/core_yfull/source_receiver_reliability_atlas.csv","root","YFullTeam/YTree current_tree.json version 14.02.0","e46e840025fb60314c918bb4bf35eb31fdac8a885f2d71dde81d162417dd9df3","YFullTeam/YTree GitHub snapshot distributed under CC-BY-4.0; repository retains only branch-identity crosswalk and derived aggregate model quantities.","Branch-identity provenance only; not raw YFull user data, not per-sample geography, and not evidence of exact geographic origin, ethnic identity, population continuity, migration route, ancient-DNA confirmation, or population-level probability."
"K","node_id","K","K","47200","45400","720","source_data/core_yfull/source_receiver_reliability_atlas.csv","root","YFullTeam/YTree current_tree.json version 14.02.0","e46e840025fb60314c918bb4bf35eb31fdac8a885f2d71dde81d162417dd9df3","YFullTeam/YTree GitHub snapshot distributed under CC-BY-4.0; repository retains only branch-identity crosswalk and derived aggregate model quantities.","Branch-identity provenance only; not raw YFull user data, not per-sample geography, and not evidence of exact geographic origin, ethnic identity, population continuity, migration route, ancient-DNA confirmation, or population-level probability."
"L","node_id","L","L","42600","23100","6","source_data/core_yfull/source_receiver_reliability_atlas.csv","root","YFullTeam/YTree current_tree.json version 14.02.0","e46e840025fb60314c918bb4bf35eb31fdac8a885f2d71dde81d162417dd9df3","YFullTeam/YTree GitHub snapshot distributed under CC-BY-4.0; repository retains only branch-identity crosswalk and derived aggregate model quantities.","Branch-identity provenance only; not raw YFull user data, not per-sample geography, and not evidence of exact geographic origin, ethnic identity, population continuity, migration route, ancient-DNA confirmation, or population-level probability."
"L-M22","node_id","L-M22","L-M22","23100","18100","6","source_data/core_yfull/source_receiver_reliability_atlas.csv","root","YFullTeam/YTree current_tree.json version 14.02.0","e46e840025fb60314c918bb4bf35eb31fdac8a885f2d71dde81d162417dd9df3","YFullTeam/YTree GitHub snapshot distributed under CC-BY-4.0; repository retains only branch-identity crosswalk and derived aggregate model quantities.","Branch-identity provenance only; not raw YFull user data, not per-sample geography, and not evidence of exact geographic origin, ethnic identity, population continuity, migration route, ancient-DNA confirmation, or population-level probability."
"L-M2481","node_id","L-M2481","L-M2481","18100","16800","6","source_data/core_yfull/source_receiver_reliability_atlas.csv","root","YFullTeam/YTree current_tree.json version 14.02.0","e46e840025fb60314c918bb4bf35eb31fdac8a885f2d71dde81d162417dd9df3","YFullTeam/YTree GitHub snapshot distributed under CC-BY-4.0; repository retains only branch-identity crosswalk and derived aggregate model quantities.","Branch-identity provenance only; not raw YFull user data, not per-sample geography, and not evidence of exact geographic origin, ethnic identity, population continuity, migration route, ancient-DNA confirmation, or population-level probability."
"L-M27","node_id","L-M27","L-M27","14600","8100","6","source_data/core_yfull/source_receiver_reliability_atlas.csv","root","YFullTeam/YTree current_tree.json version 14.02.0","e46e840025fb60314c918bb4bf35eb31fdac8a885f2d71dde81d162417dd9df3","YFullTeam/YTree GitHub snapshot distributed under CC-BY-4.0; repository retains only branch-identity crosswalk and derived aggregate model quantities.","Branch-identity provenance only; not raw YFull user data, not per-sample geography, and not evidence of exact geographic origin, ethnic identity, population continuity, migration route, ancient-DNA confirmation, or population-level probability."
"N","node_id","N","N","36800","22000","90","source_data/core_yfull/source_receiver_reliability_atlas.csv","root","YFullTeam/YTree current_tree.json version 14.02.0","e46e840025fb60314c918bb4bf35eb31fdac8a885f2d71dde81d162417dd9df3","YFullTeam/YTree GitHub snapshot distributed under CC-BY-4.0; repository retains only branch-identity crosswalk and derived aggregate model quantities.","Branch-identity provenance only; not raw YFull user data, not per-sample geography, and not evidence of exact geographic origin, ethnic identity, population continuity, migration route, ancient-DNA confirmation, or population-level probability."
"N-L1026","node_id","N-L1026","N-L1026","5100","4600","6","source_data/core_yfull/source_receiver_reliability_atlas.csv","root","YFullTeam/YTree current_tree.json version 14.02.0","e46e840025fb60314c918bb4bf35eb31fdac8a885f2d71dde81d162417dd9df3","YFullTeam/YTree GitHub snapshot distributed under CC-BY-4.0; repository retains only branch-identity crosswalk and derived aggregate model quantities.","Branch-identity provenance only; not raw YFull user data, not per-sample geography, and not evidence of exact geographic origin, ethnic identity, population continuity, migration route, ancient-DNA confirmation, or population-level probability."
"N-L729","node_id","N-L729","N-L729","17800","15500","60","source_data/core_yfull/source_receiver_reliability_atlas.csv","root","YFullTeam/YTree current_tree.json version 14.02.0","e46e840025fb60314c918bb4bf35eb31fdac8a885f2d71dde81d162417dd9df3","YFullTeam/YTree GitHub snapshot distributed under CC-BY-4.0; repository retains only branch-identity crosswalk and derived aggregate model quantities.","Branch-identity provenance only; not raw YFull user data, not per-sample geography, and not evidence of exact geographic origin, ethnic identity, population continuity, migration route, ancient-DNA confirmation, or population-level probability."
"N-TAT","node_id","N-TAT","N-TAT","15500","11800","18","source_data/core_yfull/source_receiver_reliability_atlas.csv","root","YFullTeam/YTree current_tree.json version 14.02.0","e46e840025fb60314c918bb4bf35eb31fdac8a885f2d71dde81d162417dd9df3","YFullTeam/YTree GitHub snapshot distributed under CC-BY-4.0; repository retains only branch-identity crosswalk and derived aggregate model quantities.","Branch-identity provenance only; not raw YFull user data, not per-sample geography, and not evidence of exact geographic origin, ethnic identity, population continuity, migration route, ancient-DNA confirmation, or population-level probability."
"N-VL29","node_id","N-VL29","N-VL29","4200","3900","6","source_data/core_yfull/source_receiver_reliability_atlas.csv","root","YFullTeam/YTree current_tree.json version 14.02.0","e46e840025fb60314c918bb4bf35eb31fdac8a885f2d71dde81d162417dd9df3","YFullTeam/YTree GitHub snapshot distributed under CC-BY-4.0; repository retains only branch-identity crosswalk and derived aggregate model quantities.","Branch-identity provenance only; not raw YFull user data, not per-sample geography, and not evidence of exact geographic origin, ethnic identity, population continuity, migration route, ancient-DNA confirmation, or population-level probability."
"N-Z1936","node_id","N-Z1936","N-Z1936","4600","4500","6","source_data/core_yfull/source_receiver_reliability_atlas.csv","root","YFullTeam/YTree current_tree.json version 14.02.0","e46e840025fb60314c918bb4bf35eb31fdac8a885f2d71dde81d162417dd9df3","YFullTeam/YTree GitHub snapshot distributed under CC-BY-4.0; repository retains only branch-identity crosswalk and derived aggregate model quantities.","Branch-identity provenance only; not raw YFull user data, not per-sample geography, and not evidence of exact geographic origin, ethnic identity, population continuity, migration route, ancient-DNA confirmation, or population-level probability."
"N-Z1956","node_id","N-Z1956","N-Z1956","15500","15500","18","source_data/core_yfull/source_receiver_reliability_atlas.csv","root","YFullTeam/YTree current_tree.json version 14.02.0","e46e840025fb60314c918bb4bf35eb31fdac8a885f2d71dde81d162417dd9df3","YFullTeam/YTree GitHub snapshot distributed under CC-BY-4.0; repository retains only branch-identity crosswalk and derived aggregate model quantities.","Branch-identity provenance only; not raw YFull user data, not per-sample geography, and not evidence of exact geographic origin, ethnic identity, population continuity, migration route, ancient-DNA confirmation, or population-level probability."
"O","node_id","O","O","36800","30500","6","source_data/core_yfull/source_receiver_reliability_atlas.csv","root","YFullTeam/YTree current_tree.json version 14.02.0","e46e840025fb60314c918bb4bf35eb31fdac8a885f2d71dde81d162417dd9df3","YFullTeam/YTree GitHub snapshot distributed under CC-BY-4.0; repository retains only branch-identity crosswalk and derived aggregate model quantities.","Branch-identity provenance only; not raw YFull user data, not per-sample geography, and not evidence of exact geographic origin, ethnic identity, population continuity, migration route, ancient-DNA confirmation, or population-level probability."
"O-F265","node_id","O-F265","O-F265","30500","29900","6","source_data/core_yfull/source_receiver_reliability_atlas.csv","root","YFullTeam/YTree current_tree.json version 14.02.0","e46e840025fb60314c918bb4bf35eb31fdac8a885f2d71dde81d162417dd9df3","YFullTeam/YTree GitHub snapshot distributed under CC-BY-4.0; repository retains only branch-identity crosswalk and derived aggregate model quantities.","Branch-identity provenance only; not raw YFull user data, not per-sample geography, and not evidence of exact geographic origin, ethnic identity, population continuity, migration route, ancient-DNA confirmation, or population-level probability."
"O-M119","node_id","O-M119","O-M119","29900","18100","43","source_data/core_branch_unit_reliability/branch_unit_contract_metadata.csv","lineage_root","YFullTeam/YTree current_tree.json version 14.02.0","e46e840025fb60314c918bb4bf35eb31fdac8a885f2d71dde81d162417dd9df3","YFullTeam/YTree GitHub snapshot distributed under CC-BY-4.0; repository retains only branch-identity crosswalk and derived aggregate model quantities.","Branch-identity provenance only; not raw YFull user data, not per-sample geography, and not evidence of exact geographic origin, ethnic identity, population continuity, migration route, ancient-DNA confirmation, or population-level probability."
"O-M122","node_id","O-M122","O-M122","30500","28900","43","source_data/core_branch_unit_reliability/branch_unit_contract_metadata.csv","lineage_root","YFullTeam/YTree current_tree.json version 14.02.0","e46e840025fb60314c918bb4bf35eb31fdac8a885f2d71dde81d162417dd9df3","YFullTeam/YTree GitHub snapshot distributed under CC-BY-4.0; repository retains only branch-identity crosswalk and derived aggregate model quantities.","Branch-identity provenance only; not raw YFull user data, not per-sample geography, and not evidence of exact geographic origin, ethnic identity, population continuity, migration route, ancient-DNA confirmation, or population-level probability."
"O-M134","node_id","O-M134","O-M134","19000","17100","6","source_data/core_yfull/source_receiver_reliability_atlas.csv","root","YFullTeam/YTree current_tree.json version 14.02.0","e46e840025fb60314c918bb4bf35eb31fdac8a885f2d71dde81d162417dd9df3","YFullTeam/YTree GitHub snapshot distributed under CC-BY-4.0; repository retains only branch-identity crosswalk and derived aggregate model quantities.","Branch-identity provenance only; not raw YFull user data, not per-sample geography, and not evidence of exact geographic origin, ethnic identity, population continuity, migration route, ancient-DNA confirmation, or population-level probability."
"O-M1706","node_id","O-M1706","O-M1706","12200","7000","6","source_data/core_yfull/source_receiver_reliability_atlas.csv","root","YFullTeam/YTree current_tree.json version 14.02.0","e46e840025fb60314c918bb4bf35eb31fdac8a885f2d71dde81d162417dd9df3","YFullTeam/YTree GitHub snapshot distributed under CC-BY-4.0; repository retains only branch-identity crosswalk and derived aggregate model quantities.","Branch-identity provenance only; not raw YFull user data, not per-sample geography, and not evidence of exact geographic origin, ethnic identity, population continuity, migration route, ancient-DNA confirmation, or population-level probability."
"O-M268","node_id","O-M268","O-M268","29900","28100","6","source_data/core_yfull/source_receiver_reliability_atlas.csv","root","YFullTeam/YTree current_tree.json version 14.02.0","e46e840025fb60314c918bb4bf35eb31fdac8a885f2d71dde81d162417dd9df3","YFullTeam/YTree GitHub snapshot distributed under CC-BY-4.0; repository retains only branch-identity crosswalk and derived aggregate model quantities.","Branch-identity provenance only; not raw YFull user data, not per-sample geography, and not evidence of exact geographic origin, ethnic identity, population continuity, migration route, ancient-DNA confirmation, or population-level probability."
"O-M307","node_id","O-M307","O-M307","15300","9000","6","source_data/core_yfull/source_receiver_reliability_atlas.csv","root","YFullTeam/YTree current_tree.json version 14.02.0","e46e840025fb60314c918bb4bf35eb31fdac8a885f2d71dde81d162417dd9df3","YFullTeam/YTree GitHub snapshot distributed under CC-BY-4.0; repository retains only branch-identity crosswalk and derived aggregate model quantities.","Branch-identity provenance only; not raw YFull user data, not per-sample geography, and not evidence of exact geographic origin, ethnic identity, population continuity, migration route, ancient-DNA confirmation, or population-level probability."
"O-M324","node_id","O-M324","O-M324","28900","23600","6","source_data/core_yfull/source_receiver_reliability_atlas.csv","root","YFullTeam/YTree current_tree.json version 14.02.0","e46e840025fb60314c918bb4bf35eb31fdac8a885f2d71dde81d162417dd9df3","YFullTeam/YTree GitHub snapshot distributed under CC-BY-4.0; repository retains only branch-identity crosswalk and derived aggregate model quantities.","Branch-identity provenance only; not raw YFull user data, not per-sample geography, and not evidence of exact geographic origin, ethnic identity, population continuity, migration route, ancient-DNA confirmation, or population-level probability."
"PH908","snp_alias","PH908","I-PH908","2000","1700","21","source_data/core_branch_unit_reliability/branch_unit_contract_metadata.csv","audit_card","YFullTeam/YTree current_tree.json version 14.02.0","e46e840025fb60314c918bb4bf35eb31fdac8a885f2d71dde81d162417dd9df3","YFullTeam/YTree GitHub snapshot distributed under CC-BY-4.0; repository retains only branch-identity crosswalk and derived aggregate model quantities.","Branch-identity provenance only; not raw YFull user data, not per-sample geography, and not evidence of exact geographic origin, ethnic identity, population continuity, migration route, ancient-DNA confirmation, or population-level probability."
"Q","node_id","Q","Q","0","28700","168","source_data/core_yfull/source_receiver_reliability_atlas.csv","root","YFullTeam/YTree current_tree.json version 14.02.0","e46e840025fb60314c918bb4bf35eb31fdac8a885f2d71dde81d162417dd9df3","YFullTeam/YTree GitHub snapshot distributed under CC-BY-4.0; repository retains only branch-identity crosswalk and derived aggregate model quantities.","Branch-identity provenance only; not raw YFull user data, not per-sample geography, and not evidence of exact geographic origin, ethnic identity, population continuity, migration route, ancient-DNA confirmation, or population-level probability."
"Q-L54","node_id","Q-L54","Q-L54","17700","15500","6","source_data/core_yfull/source_receiver_reliability_atlas.csv","root","YFullTeam/YTree current_tree.json version 14.02.0","e46e840025fb60314c918bb4bf35eb31fdac8a885f2d71dde81d162417dd9df3","YFullTeam/YTree GitHub snapshot distributed under CC-BY-4.0; repository retains only branch-identity crosswalk and derived aggregate model quantities.","Branch-identity provenance only; not raw YFull user data, not per-sample geography, and not evidence of exact geographic origin, ethnic identity, population continuity, migration route, ancient-DNA confirmation, or population-level probability."
"Q-M3","node_id","Q-M3","Q-M3","14800","12500","6","source_data/core_yfull/source_receiver_reliability_atlas.csv","root","YFullTeam/YTree current_tree.json version 14.02.0","e46e840025fb60314c918bb4bf35eb31fdac8a885f2d71dde81d162417dd9df3","YFullTeam/YTree GitHub snapshot distributed under CC-BY-4.0; repository retains only branch-identity crosswalk and derived aggregate model quantities.","Branch-identity provenance only; not raw YFull user data, not per-sample geography, and not evidence of exact geographic origin, ethnic identity, population continuity, migration route, ancient-DNA confirmation, or population-level probability."
"R-DF27","node_id","R-DF27","R-DF27","4500","4500","126","source_data/core_yfull/source_receiver_reliability_atlas.csv","root","YFullTeam/YTree current_tree.json version 14.02.0","e46e840025fb60314c918bb4bf35eb31fdac8a885f2d71dde81d162417dd9df3","YFullTeam/YTree GitHub snapshot distributed under CC-BY-4.0; repository retains only branch-identity crosswalk and derived aggregate model quantities.","Branch-identity provenance only; not raw YFull user data, not per-sample geography, and not evidence of exact geographic origin, ethnic identity, population continuity, migration route, ancient-DNA confirmation, or population-level probability."
"R-L21","node_id","R-L21","R-L21","4500","4500","6","source_data/core_yfull/source_receiver_reliability_atlas.csv","root","YFullTeam/YTree current_tree.json version 14.02.0","e46e840025fb60314c918bb4bf35eb31fdac8a885f2d71dde81d162417dd9df3","YFullTeam/YTree GitHub snapshot distributed under CC-BY-4.0; repository retains only branch-identity crosswalk and derived aggregate model quantities.","Branch-identity provenance only; not raw YFull user data, not per-sample geography, and not evidence of exact geographic origin, ethnic identity, population continuity, migration route, ancient-DNA confirmation, or population-level probability."
"R-L23","node_id","R-L23","R-L23","6400","6100","270","source_data/core_yfull/source_receiver_reliability_atlas.csv","root","YFullTeam/YTree current_tree.json version 14.02.0","e46e840025fb60314c918bb4bf35eb31fdac8a885f2d71dde81d162417dd9df3","YFullTeam/YTree GitHub snapshot distributed under CC-BY-4.0; repository retains only branch-identity crosswalk and derived aggregate model quantities.","Branch-identity provenance only; not raw YFull user data, not per-sample geography, and not evidence of exact geographic origin, ethnic identity, population continuity, migration route, ancient-DNA confirmation, or population-level probability."
"R-L657","node_id","R-L657","R-L657","4100","4100","6","source_data/core_yfull/source_receiver_reliability_atlas.csv","root","YFullTeam/YTree current_tree.json version 14.02.0","e46e840025fb60314c918bb4bf35eb31fdac8a885f2d71dde81d162417dd9df3","YFullTeam/YTree GitHub snapshot distributed under CC-BY-4.0; repository retains only branch-identity crosswalk and derived aggregate model quantities.","Branch-identity provenance only; not raw YFull user data, not per-sample geography, and not evidence of exact geographic origin, ethnic identity, population continuity, migration route, ancient-DNA confirmation, or population-level probability."
"R-M269","node_id","R-M269","R-M269","13300","6400","270","source_data/core_yfull/source_receiver_reliability_atlas.csv","root","YFullTeam/YTree current_tree.json version 14.02.0","e46e840025fb60314c918bb4bf35eb31fdac8a885f2d71dde81d162417dd9df3","YFullTeam/YTree GitHub snapshot distributed under CC-BY-4.0; repository retains only branch-identity crosswalk and derived aggregate model quantities.","Branch-identity provenance only; not raw YFull user data, not per-sample geography, and not evidence of exact geographic origin, ethnic identity, population continuity, migration route, ancient-DNA confirmation, or population-level probability."
"R-M417","node_id","R-M417","R-M417","8600","5300","168","source_data/core_yfull/source_receiver_reliability_atlas.csv","root","YFullTeam/YTree current_tree.json version 14.02.0","e46e840025fb60314c918bb4bf35eb31fdac8a885f2d71dde81d162417dd9df3","YFullTeam/YTree GitHub snapshot distributed under CC-BY-4.0; repository retains only branch-identity crosswalk and derived aggregate model quantities.","Branch-identity provenance only; not raw YFull user data, not per-sample geography, and not evidence of exact geographic origin, ethnic identity, population continuity, migration route, ancient-DNA confirmation, or population-level probability."
"R-M458","node_id","R-M458","R-M458","5000","5000","93","source_data/core_branch_unit_reliability/branch_unit_contract_metadata.csv","lineage_root","YFullTeam/YTree current_tree.json version 14.02.0","e46e840025fb60314c918bb4bf35eb31fdac8a885f2d71dde81d162417dd9df3","YFullTeam/YTree GitHub snapshot distributed under CC-BY-4.0; repository retains only branch-identity crosswalk and derived aggregate model quantities.","Branch-identity provenance only; not raw YFull user data, not per-sample geography, and not evidence of exact geographic origin, ethnic identity, population continuity, migration route, ancient-DNA confirmation, or population-level probability."
"R-P312","node_id","R-P312","R-P312","4800","4500","168","source_data/core_yfull/source_receiver_reliability_atlas.csv","root","YFullTeam/YTree current_tree.json version 14.02.0","e46e840025fb60314c918bb4bf35eb31fdac8a885f2d71dde81d162417dd9df3","YFullTeam/YTree GitHub snapshot distributed under CC-BY-4.0; repository retains only branch-identity crosswalk and derived aggregate model quantities.","Branch-identity provenance only; not raw YFull user data, not per-sample geography, and not evidence of exact geographic origin, ethnic identity, population continuity, migration route, ancient-DNA confirmation, or population-level probability."
"R-U106","node_id","R-U106","R-U106","4800","4600","18","source_data/core_yfull/source_receiver_reliability_atlas.csv","root","YFullTeam/YTree current_tree.json version 14.02.0","e46e840025fb60314c918bb4bf35eb31fdac8a885f2d71dde81d162417dd9df3","YFullTeam/YTree GitHub snapshot distributed under CC-BY-4.0; repository retains only branch-identity crosswalk and derived aggregate model quantities.","Branch-identity provenance only; not raw YFull user data, not per-sample geography, and not evidence of exact geographic origin, ethnic identity, population continuity, migration route, ancient-DNA confirmation, or population-level probability."
"R-U152","node_id","R-U152","R-U152","4500","4500","36","source_data/core_yfull/source_receiver_reliability_atlas.csv","root","YFullTeam/YTree current_tree.json version 14.02.0","e46e840025fb60314c918bb4bf35eb31fdac8a885f2d71dde81d162417dd9df3","YFullTeam/YTree GitHub snapshot distributed under CC-BY-4.0; repository retains only branch-identity crosswalk and derived aggregate model quantities.","Branch-identity provenance only; not raw YFull user data, not per-sample geography, and not evidence of exact geographic origin, ethnic identity, population continuity, migration route, ancient-DNA confirmation, or population-level probability."
"R-Z2103","node_id","R-Z2103","R-Z2103","6100","5900","36","source_data/core_yfull/source_receiver_reliability_atlas.csv","root","YFullTeam/YTree current_tree.json version 14.02.0","e46e840025fb60314c918bb4bf35eb31fdac8a885f2d71dde81d162417dd9df3","YFullTeam/YTree GitHub snapshot distributed under CC-BY-4.0; repository retains only branch-identity crosswalk and derived aggregate model quantities.","Branch-identity provenance only; not raw YFull user data, not per-sample geography, and not evidence of exact geographic origin, ethnic identity, population continuity, migration route, ancient-DNA confirmation, or population-level probability."
"R-Z2123","node_id","R-Z2123","R-Z2123","4300","4100","18","source_data/core_yfull/source_receiver_reliability_atlas.csv","root","YFullTeam/YTree current_tree.json version 14.02.0","e46e840025fb60314c918bb4bf35eb31fdac8a885f2d71dde81d162417dd9df3","YFullTeam/YTree GitHub snapshot distributed under CC-BY-4.0; repository retains only branch-identity crosswalk and derived aggregate model quantities.","Branch-identity provenance only; not raw YFull user data, not per-sample geography, and not evidence of exact geographic origin, ethnic identity, population continuity, migration route, ancient-DNA confirmation, or population-level probability."
"R-Z280","node_id","R-Z280","R-Z280","5000","4600","95","source_data/core_branch_unit_reliability/branch_unit_contract_metadata.csv","lineage_root","YFullTeam/YTree current_tree.json version 14.02.0","e46e840025fb60314c918bb4bf35eb31fdac8a885f2d71dde81d162417dd9df3","YFullTeam/YTree GitHub snapshot distributed under CC-BY-4.0; repository retains only branch-identity crosswalk and derived aggregate model quantities.","Branch-identity provenance only; not raw YFull user data, not per-sample geography, and not evidence of exact geographic origin, ethnic identity, population continuity, migration route, ancient-DNA confirmation, or population-level probability."
"R-Z282","node_id","R-Z282","R-Z282","5000","5000","90","source_data/core_yfull/source_receiver_reliability_atlas.csv","root","YFullTeam/YTree current_tree.json version 14.02.0","e46e840025fb60314c918bb4bf35eb31fdac8a885f2d71dde81d162417dd9df3","YFullTeam/YTree GitHub snapshot distributed under CC-BY-4.0; repository retains only branch-identity crosswalk and derived aggregate model quantities.","Branch-identity provenance only; not raw YFull user data, not per-sample geography, and not evidence of exact geographic origin, ethnic identity, population continuity, migration route, ancient-DNA confirmation, or population-level probability."
"R-Z93","node_id","R-Z93","R-Z93","5000","4500","60","source_data/core_yfull/source_receiver_reliability_atlas.csv","root","YFullTeam/YTree current_tree.json version 14.02.0","e46e840025fb60314c918bb4bf35eb31fdac8a885f2d71dde81d162417dd9df3","YFullTeam/YTree GitHub snapshot distributed under CC-BY-4.0; repository retains only branch-identity crosswalk and derived aggregate model quantities.","Branch-identity provenance only; not raw YFull user data, not per-sample geography, and not evidence of exact geographic origin, ethnic identity, population continuity, migration route, ancient-DNA confirmation, or population-level probability."
"R-Z94","node_id","R-Z94","R-Z94","4500","4500","60","source_data/core_yfull/source_receiver_reliability_atlas.csv","root","YFullTeam/YTree current_tree.json version 14.02.0","e46e840025fb60314c918bb4bf35eb31fdac8a885f2d71dde81d162417dd9df3","YFullTeam/YTree GitHub snapshot distributed under CC-BY-4.0; repository retains only branch-identity crosswalk and derived aggregate model quantities.","Branch-identity provenance only; not raw YFull user data, not per-sample geography, and not evidence of exact geographic origin, ethnic identity, population continuity, migration route, ancient-DNA confirmation, or population-level probability."
"R1a","node_id","R1a","R1a","22800","18200","168","source_data/core_yfull/source_receiver_reliability_atlas.csv","root","YFullTeam/YTree current_tree.json version 14.02.0","e46e840025fb60314c918bb4bf35eb31fdac8a885f2d71dde81d162417dd9df3","YFullTeam/YTree GitHub snapshot distributed under CC-BY-4.0; repository retains only branch-identity crosswalk and derived aggregate model quantities.","Branch-identity provenance only; not raw YFull user data, not per-sample geography, and not evidence of exact geographic origin, ethnic identity, population continuity, migration route, ancient-DNA confirmation, or population-level probability."
"R1b","node_id","R1b","R1b","22800","20400","270","source_data/core_yfull/source_receiver_reliability_atlas.csv","root","YFullTeam/YTree current_tree.json version 14.02.0","e46e840025fb60314c918bb4bf35eb31fdac8a885f2d71dde81d162417dd9df3","YFullTeam/YTree GitHub snapshot distributed under CC-BY-4.0; repository retains only branch-identity crosswalk and derived aggregate model quantities.","Branch-identity provenance only; not raw YFull user data, not per-sample geography, and not evidence of exact geographic origin, ethnic identity, population continuity, migration route, ancient-DNA confirmation, or population-level probability."
"T","node_id","T","T","42600","26900","60","source_data/core_yfull/source_receiver_reliability_atlas.csv","root","YFullTeam/YTree current_tree.json version 14.02.0","e46e840025fb60314c918bb4bf35eb31fdac8a885f2d71dde81d162417dd9df3","YFullTeam/YTree GitHub snapshot distributed under CC-BY-4.0; repository retains only branch-identity crosswalk and derived aggregate model quantities.","Branch-identity provenance only; not raw YFull user data, not per-sample geography, and not evidence of exact geographic origin, ethnic identity, population continuity, migration route, ancient-DNA confirmation, or population-level probability."
"T-L206","node_id","T-L206","T-L206","26900","19300","60","source_data/core_yfull/source_receiver_reliability_atlas.csv","root","YFullTeam/YTree current_tree.json version 14.02.0","e46e840025fb60314c918bb4bf35eb31fdac8a885f2d71dde81d162417dd9df3","YFullTeam/YTree GitHub snapshot distributed under CC-BY-4.0; repository retains only branch-identity crosswalk and derived aggregate model quantities.","Branch-identity provenance only; not raw YFull user data, not per-sample geography, and not evidence of exact geographic origin, ethnic identity, population continuity, migration route, ancient-DNA confirmation, or population-level probability."
"T-M70","node_id","T-M70","T-M70","19300","16500","60","source_data/core_yfull/source_receiver_reliability_atlas.csv","root","YFullTeam/YTree current_tree.json version 14.02.0","e46e840025fb60314c918bb4bf35eb31fdac8a885f2d71dde81d162417dd9df3","YFullTeam/YTree GitHub snapshot distributed under CC-BY-4.0; repository retains only branch-identity crosswalk and derived aggregate model quantities.","Branch-identity provenance only; not raw YFull user data, not per-sample geography, and not evidence of exact geographic origin, ethnic identity, population continuity, migration route, ancient-DNA confirmation, or population-level probability."
"Y102777","snp_alias","Y102777","I-Y102777","1600","1600","4","source_data/supplementary_figure_s1/s1_02_ph908_relic_footprint_locality_points.csv","terminal_branch","YFullTeam/YTree current_tree.json version 14.02.0","e46e840025fb60314c918bb4bf35eb31fdac8a885f2d71dde81d162417dd9df3","YFullTeam/YTree GitHub snapshot distributed under CC-BY-4.0; repository retains only branch-identity crosswalk and derived aggregate model quantities.","Branch-identity provenance only; not raw YFull user data, not per-sample geography, and not evidence of exact geographic origin, ethnic identity, population continuity, migration route, ancient-DNA confirmation, or population-level probability."
"Y134636","snp_alias","Y134636","I-Y134636","650","225","4","source_data/supplementary_figure_s1/s1_02_ph908_relic_footprint_locality_points.csv","terminal_branch","YFullTeam/YTree current_tree.json version 14.02.0","e46e840025fb60314c918bb4bf35eb31fdac8a885f2d71dde81d162417dd9df3","YFullTeam/YTree GitHub snapshot distributed under CC-BY-4.0; repository retains only branch-identity crosswalk and derived aggregate model quantities.","Branch-identity provenance only; not raw YFull user data, not per-sample geography, and not evidence of exact geographic origin, ethnic identity, population continuity, migration route, ancient-DNA confirmation, or population-level probability."
"Y207627","snp_alias","Y207627","I-Y207627","1900","850","4","source_data/supplementary_figure_s1/s1_02_ph908_relic_footprint_locality_points.csv","terminal_branch","YFullTeam/YTree current_tree.json version 14.02.0","e46e840025fb60314c918bb4bf35eb31fdac8a885f2d71dde81d162417dd9df3","YFullTeam/YTree GitHub snapshot distributed under CC-BY-4.0; repository retains only branch-identity crosswalk and derived aggregate model quantities.","Branch-identity provenance only; not raw YFull user data, not per-sample geography, and not evidence of exact geographic origin, ethnic identity, population continuity, migration route, ancient-DNA confirmation, or population-level probability."
