s1_source_row_number,sample_id,alternative_id,source_publication_label,source_dataset_label,source_file_or_table_trace,country,site_or_location,latitude,longitude,date_text,date_median_year_ce,genetic_sex,autosomal_snp_count,mt_haplogroup,y_haplogroup_terminal,y_haplogroup_path,y_haplogroup_isogg,lineage_focus,s1_visible_comparator,coordinate_status,coordinate_source,source_trace_status,claim_boundary
410,BBC001,BBC001.B0101,"Gretzinger et al., Nature 2025","Gretzinger et al., Nature 2025 Supplementary Table S1",gretzinger_2025_supplementary_data_tables_1_51.xlsx,Croatia,Bubi's cave,45.34,15.47,250 CE - 300 CE,275.0,M,17496,not reported,not reported,not reported,not reported,other,No,source approximate site coordinate,Gretzinger et al. 2025 Supplementary Table S1 approximate site coordinate,Not present in local AADR v66 annotation; retained from direct supplementary source table trace.,"Direct supplementary source-row trace for Supplementary Figure S1 only; not evidence of PH908 presence, PH908 absence, geographic origin, ethnic identity, population continuity, or migration route."
411,BBC002,BBC002.A0101,"Gretzinger et al., Nature 2025","Gretzinger et al., Nature 2025 Supplementary Table S1",gretzinger_2025_supplementary_data_tables_1_51.xlsx,Croatia,Bubi's cave,45.34,15.47,250 CE - 300 CE,275.0,F,15123,not reported,not reported,not reported,not reported,other,No,source approximate site coordinate,Gretzinger et al. 2025 Supplementary Table S1 approximate site coordinate,Not present in local AADR v66 annotation; retained from direct supplementary source table trace.,"Direct supplementary source-row trace for Supplementary Figure S1 only; not evidence of PH908 presence, PH908 absence, geographic origin, ethnic identity, population continuity, or migration route."
412,BBC003,BBC003.A0101,"Gretzinger et al., Nature 2025","Gretzinger et al., Nature 2025 Supplementary Table S1",gretzinger_2025_supplementary_data_tables_1_51.xlsx,Croatia,Bubi's cave,45.34,15.47,250 CE - 300 CE,275.0,F,715723,H33c,not reported,not reported,not reported,other,No,source approximate site coordinate,Gretzinger et al. 2025 Supplementary Table S1 approximate site coordinate,Not present in local AADR v66 annotation; retained from direct supplementary source table trace.,"Direct supplementary source-row trace for Supplementary Figure S1 only; not evidence of PH908 presence, PH908 absence, geographic origin, ethnic identity, population continuity, or migration route."
413,BBC004,BBC004.A0101,"Gretzinger et al., Nature 2025","Gretzinger et al., Nature 2025 Supplementary Table S1",gretzinger_2025_supplementary_data_tables_1_51.xlsx,Croatia,Bubi's cave,45.34,15.47,250 CE - 300 CE,275.0,M,781935,I5c,G2a2b2a1a1b1,"CTS9737,Z1815",G2a2b2a1a1b1,G2a,Yes,source approximate site coordinate,Gretzinger et al. 2025 Supplementary Table S1 approximate site coordinate,Not present in local AADR v66 annotation; retained from direct supplementary source table trace.,"Direct supplementary source-row trace for Supplementary Figure S1 only; not evidence of PH908 presence, PH908 absence, geographic origin, ethnic identity, population continuity, or migration route."
414,BBC005,BBC005.A0101,"Gretzinger et al., Nature 2025","Gretzinger et al., Nature 2025 Supplementary Table S1",gretzinger_2025_supplementary_data_tables_1_51.xlsx,Croatia,Bubi's cave,45.34,15.47,250 CE - 300 CE,275.0,M,81726,H4a1,J1a2a1a2d2b~,"CTS5269,PF4855,Z2322",J1a2a1a2d2b~,other,No,source approximate site coordinate,Gretzinger et al. 2025 Supplementary Table S1 approximate site coordinate,Not present in local AADR v66 annotation; retained from direct supplementary source table trace.,"Direct supplementary source-row trace for Supplementary Figure S1 only; not evidence of PH908 presence, PH908 absence, geographic origin, ethnic identity, population continuity, or migration route."
415,BBC006,BBC006.A0101,"Gretzinger et al., Nature 2025","Gretzinger et al., Nature 2025 Supplementary Table S1",gretzinger_2025_supplementary_data_tables_1_51.xlsx,Croatia,Bubi's cave,45.34,15.47,250 CE - 300 CE,275.0,F,71206,HV0e,not reported,not reported,not reported,other,No,source approximate site coordinate,Gretzinger et al. 2025 Supplementary Table S1 approximate site coordinate,Not present in local AADR v66 annotation; retained from direct supplementary source table trace.,"Direct supplementary source-row trace for Supplementary Figure S1 only; not evidence of PH908 presence, PH908 absence, geographic origin, ethnic identity, population continuity, or migration route."
416,BBC008,BBC008.A0101,"Gretzinger et al., Nature 2025","Gretzinger et al., Nature 2025 Supplementary Table S1",gretzinger_2025_supplementary_data_tables_1_51.xlsx,Croatia,Bubi's cave,45.34,15.47,250 CE - 300 CE,275.0,M,62048,H7c1,J2b2a1a1a~,"AM00216,AMM125,Z615",J2b2a1a1a~,J2b,Yes,source approximate site coordinate,Gretzinger et al. 2025 Supplementary Table S1 approximate site coordinate,Not present in local AADR v66 annotation; retained from direct supplementary source table trace.,"Direct supplementary source-row trace for Supplementary Figure S1 only; not evidence of PH908 presence, PH908 absence, geographic origin, ethnic identity, population continuity, or migration route."
417,BBC009,BBC009.A0101,"Gretzinger et al., Nature 2025","Gretzinger et al., Nature 2025 Supplementary Table S1",gretzinger_2025_supplementary_data_tables_1_51.xlsx,Croatia,Bubi's cave,45.34,15.47,250 CE - 300 CE,275.0,M,790379,H104a,J2b2a1a1a1b~,CTS9215,J2b2a1a1a1b~,J2b,Yes,source approximate site coordinate,Gretzinger et al. 2025 Supplementary Table S1 approximate site coordinate,Not present in local AADR v66 annotation; retained from direct supplementary source table trace.,"Direct supplementary source-row trace for Supplementary Figure S1 only; not evidence of PH908 presence, PH908 absence, geographic origin, ethnic identity, population continuity, or migration route."
418,BBC010,BBC010.A0101,"Gretzinger et al., Nature 2025","Gretzinger et al., Nature 2025 Supplementary Table S1",gretzinger_2025_supplementary_data_tables_1_51.xlsx,Croatia,Bubi's cave,45.34,15.47,250 CE - 300 CE,275.0,F,327759,H33c,not reported,not reported,not reported,other,No,source approximate site coordinate,Gretzinger et al. 2025 Supplementary Table S1 approximate site coordinate,Not present in local AADR v66 annotation; retained from direct supplementary source table trace.,"Direct supplementary source-row trace for Supplementary Figure S1 only; not evidence of PH908 presence, PH908 absence, geographic origin, ethnic identity, population continuity, or migration route."
419,BBC011,BBC011.A0101,"Gretzinger et al., Nature 2025","Gretzinger et al., Nature 2025 Supplementary Table S1",gretzinger_2025_supplementary_data_tables_1_51.xlsx,Croatia,Bubi's cave,45.34,15.47,250 CE - 300 CE,275.0,F,15383,not reported,not reported,not reported,not reported,other,No,source approximate site coordinate,Gretzinger et al. 2025 Supplementary Table S1 approximate site coordinate,Not present in local AADR v66 annotation; retained from direct supplementary source table trace.,"Direct supplementary source-row trace for Supplementary Figure S1 only; not evidence of PH908 presence, PH908 absence, geographic origin, ethnic identity, population continuity, or migration route."
420,BBC012,BBC012.A0101,"Gretzinger et al., Nature 2025","Gretzinger et al., Nature 2025 Supplementary Table S1",gretzinger_2025_supplementary_data_tables_1_51.xlsx,Croatia,Bubi's cave,45.34,15.47,250 CE - 300 CE,275.0,M,55064,not reported,J2b2a1a1a~,"AM00216,AMM125,Z615",J2b2a1a1a~,J2b,Yes,source approximate site coordinate,Gretzinger et al. 2025 Supplementary Table S1 approximate site coordinate,Not present in local AADR v66 annotation; retained from direct supplementary source table trace.,"Direct supplementary source-row trace for Supplementary Figure S1 only; not evidence of PH908 presence, PH908 absence, geographic origin, ethnic identity, population continuity, or migration route."
421,BBC013,BBC013.A0101,"Gretzinger et al., Nature 2025","Gretzinger et al., Nature 2025 Supplementary Table S1",gretzinger_2025_supplementary_data_tables_1_51.xlsx,Croatia,Bubi's cave,45.34,15.47,250 CE - 300 CE,275.0,F,10098,not reported,not reported,not reported,not reported,other,No,source approximate site coordinate,Gretzinger et al. 2025 Supplementary Table S1 approximate site coordinate,Not present in local AADR v66 annotation; retained from direct supplementary source table trace.,"Direct supplementary source-row trace for Supplementary Figure S1 only; not evidence of PH908 presence, PH908 absence, geographic origin, ethnic identity, population continuity, or migration route."
422,BBC014,BBC014.A0101,"Gretzinger et al., Nature 2025","Gretzinger et al., Nature 2025 Supplementary Table S1",gretzinger_2025_supplementary_data_tables_1_51.xlsx,Croatia,Bubi's cave,45.34,15.47,250 CE - 300 CE,275.0,M,26659,H3+16311,G,"CTS10945,M3206",G,other,No,source approximate site coordinate,Gretzinger et al. 2025 Supplementary Table S1 approximate site coordinate,Not present in local AADR v66 annotation; retained from direct supplementary source table trace.,"Direct supplementary source-row trace for Supplementary Figure S1 only; not evidence of PH908 presence, PH908 absence, geographic origin, ethnic identity, population continuity, or migration route."
423,BBC015,BBC015.A0101,"Gretzinger et al., Nature 2025","Gretzinger et al., Nature 2025 Supplementary Table S1",gretzinger_2025_supplementary_data_tables_1_51.xlsx,Croatia,Bubi's cave,45.34,15.47,250 CE - 300 CE,275.0,M,110885,H5d,J2b~,"PF7336,Z540",J2b~,J2b,Yes,source approximate site coordinate,Gretzinger et al. 2025 Supplementary Table S1 approximate site coordinate,Not present in local AADR v66 annotation; retained from direct supplementary source table trace.,"Direct supplementary source-row trace for Supplementary Figure S1 only; not evidence of PH908 presence, PH908 absence, geographic origin, ethnic identity, population continuity, or migration route."
424,BBC016,BBC016.A0101,"Gretzinger et al., Nature 2025","Gretzinger et al., Nature 2025 Supplementary Table S1",gretzinger_2025_supplementary_data_tables_1_51.xlsx,Croatia,Bubi's cave,45.34,15.47,250 CE - 300 CE,275.0,F,622062,H33c,not reported,not reported,not reported,other,No,source approximate site coordinate,Gretzinger et al. 2025 Supplementary Table S1 approximate site coordinate,Not present in local AADR v66 annotation; retained from direct supplementary source table trace.,"Direct supplementary source-row trace for Supplementary Figure S1 only; not evidence of PH908 presence, PH908 absence, geographic origin, ethnic identity, population continuity, or migration route."
425,BBC017,BBC017.A0101,"Gretzinger et al., Nature 2025","Gretzinger et al., Nature 2025 Supplementary Table S1",gretzinger_2025_supplementary_data_tables_1_51.xlsx,Croatia,Bubi's cave,45.34,15.47,250 CE - 300 CE,275.0,M,176897,not reported,J2b2a1a1a1a1a,Z1297,J2b2a1a1a1a1a,J2b,Yes,source approximate site coordinate,Gretzinger et al. 2025 Supplementary Table S1 approximate site coordinate,Not present in local AADR v66 annotation; retained from direct supplementary source table trace.,"Direct supplementary source-row trace for Supplementary Figure S1 only; not evidence of PH908 presence, PH908 absence, geographic origin, ethnic identity, population continuity, or migration route."
426,BBC018,BBC018.A0101,"Gretzinger et al., Nature 2025","Gretzinger et al., Nature 2025 Supplementary Table S1",gretzinger_2025_supplementary_data_tables_1_51.xlsx,Croatia,Bubi's cave,45.34,15.47,250 CE - 300 CE,275.0,M,21599,not reported,J2b~,"PF7359,Z2419",J2b~,J2b,Yes,source approximate site coordinate,Gretzinger et al. 2025 Supplementary Table S1 approximate site coordinate,Not present in local AADR v66 annotation; retained from direct supplementary source table trace.,"Direct supplementary source-row trace for Supplementary Figure S1 only; not evidence of PH908 presence, PH908 absence, geographic origin, ethnic identity, population continuity, or migration route."
427,BBC019,BBC019.A0101,"Gretzinger et al., Nature 2025","Gretzinger et al., Nature 2025 Supplementary Table S1",gretzinger_2025_supplementary_data_tables_1_51.xlsx,Croatia,Bubi's cave,45.34,15.47,250 CE - 300 CE,275.0,M,141236,not reported,J2b2a1a1a1~,Z2507,J2b2a1a1a1~,J2b,Yes,source approximate site coordinate,Gretzinger et al. 2025 Supplementary Table S1 approximate site coordinate,Not present in local AADR v66 annotation; retained from direct supplementary source table trace.,"Direct supplementary source-row trace for Supplementary Figure S1 only; not evidence of PH908 presence, PH908 absence, geographic origin, ethnic identity, population continuity, or migration route."
428,BBC020,BBC020.A0101,"Gretzinger et al., Nature 2025","Gretzinger et al., Nature 2025 Supplementary Table S1",gretzinger_2025_supplementary_data_tables_1_51.xlsx,Croatia,Bubi's cave,45.34,15.47,250 CE - 300 CE,275.0,F,146555,not reported,not reported,not reported,not reported,other,No,source approximate site coordinate,Gretzinger et al. 2025 Supplementary Table S1 approximate site coordinate,Not present in local AADR v66 annotation; retained from direct supplementary source table trace.,"Direct supplementary source-row trace for Supplementary Figure S1 only; not evidence of PH908 presence, PH908 absence, geographic origin, ethnic identity, population continuity, or migration route."
429,BBC021,BBC021.A0301,"Gretzinger et al., Nature 2025","Gretzinger et al., Nature 2025 Supplementary Table S1",gretzinger_2025_supplementary_data_tables_1_51.xlsx,Croatia,Bubi's cave,45.34,15.47,250 CE - 300 CE,275.0,M,46625,not reported,G2a,"L31,PF3142,S149",G2a,G2a,Yes,source approximate site coordinate,Gretzinger et al. 2025 Supplementary Table S1 approximate site coordinate,Not present in local AADR v66 annotation; retained from direct supplementary source table trace.,"Direct supplementary source-row trace for Supplementary Figure S1 only; not evidence of PH908 presence, PH908 absence, geographic origin, ethnic identity, population continuity, or migration route."
430,BBC022,BBC022.A0101,"Gretzinger et al., Nature 2025","Gretzinger et al., Nature 2025 Supplementary Table S1",gretzinger_2025_supplementary_data_tables_1_51.xlsx,Croatia,Bubi's cave,45.34,15.47,250 CE - 300 CE,275.0,M,208942,H3+16311,G2a2b,"M3412,PF3278",G2a2b,G2a,Yes,source approximate site coordinate,Gretzinger et al. 2025 Supplementary Table S1 approximate site coordinate,Not present in local AADR v66 annotation; retained from direct supplementary source table trace.,"Direct supplementary source-row trace for Supplementary Figure S1 only; not evidence of PH908 presence, PH908 absence, geographic origin, ethnic identity, population continuity, or migration route."
431,BBC024,BBC024.A0101,"Gretzinger et al., Nature 2025","Gretzinger et al., Nature 2025 Supplementary Table S1",gretzinger_2025_supplementary_data_tables_1_51.xlsx,Croatia,Bubi's cave,45.34,15.47,250 CE - 300 CE,275.0,M,775218,I5c,G2a,"PF3141,U5",G2a,G2a,Yes,source approximate site coordinate,Gretzinger et al. 2025 Supplementary Table S1 approximate site coordinate,Not present in local AADR v66 annotation; retained from direct supplementary source table trace.,"Direct supplementary source-row trace for Supplementary Figure S1 only; not evidence of PH908 presence, PH908 absence, geographic origin, ethnic identity, population continuity, or migration route."
432,BBC026,BBC026.B0101,"Gretzinger et al., Nature 2025","Gretzinger et al., Nature 2025 Supplementary Table S1",gretzinger_2025_supplementary_data_tables_1_51.xlsx,Croatia,Bubi's cave,45.34,15.47,250 CE - 300 CE,275.0,F,26739,not reported,not reported,not reported,not reported,other,No,source approximate site coordinate,Gretzinger et al. 2025 Supplementary Table S1 approximate site coordinate,Not present in local AADR v66 annotation; retained from direct supplementary source table trace.,"Direct supplementary source-row trace for Supplementary Figure S1 only; not evidence of PH908 presence, PH908 absence, geographic origin, ethnic identity, population continuity, or migration route."
433,BBC027,BBC027.A0101,"Gretzinger et al., Nature 2025","Gretzinger et al., Nature 2025 Supplementary Table S1",gretzinger_2025_supplementary_data_tables_1_51.xlsx,Croatia,Bubi's cave,45.34,15.47,250 CE - 300 CE,275.0,M,840555,K2b1b,J2b2a1a1a1b~,"Y15058,Z34462",J2b2a1a1a1b~,J2b,Yes,source approximate site coordinate,Gretzinger et al. 2025 Supplementary Table S1 approximate site coordinate,Not present in local AADR v66 annotation; retained from direct supplementary source table trace.,"Direct supplementary source-row trace for Supplementary Figure S1 only; not evidence of PH908 presence, PH908 absence, geographic origin, ethnic identity, population continuity, or migration route."
434,BBC029,BBC029.A0101,"Gretzinger et al., Nature 2025","Gretzinger et al., Nature 2025 Supplementary Table S1",gretzinger_2025_supplementary_data_tables_1_51.xlsx,Croatia,Bubi's cave,45.34,15.47,250 CE - 300 CE,275.0,M,45061,W,J2b2a~,"AM01378,Z625",J2b2a~,J2b,Yes,source approximate site coordinate,Gretzinger et al. 2025 Supplementary Table S1 approximate site coordinate,Not present in local AADR v66 annotation; retained from direct supplementary source table trace.,"Direct supplementary source-row trace for Supplementary Figure S1 only; not evidence of PH908 presence, PH908 absence, geographic origin, ethnic identity, population continuity, or migration route."
435,BBC030,BBC030.B0101,"Gretzinger et al., Nature 2025","Gretzinger et al., Nature 2025 Supplementary Table S1",gretzinger_2025_supplementary_data_tables_1_51.xlsx,Croatia,Bubi's cave,45.34,15.47,250 CE - 300 CE,275.0,F,33482,HV0e,not reported,not reported,not reported,other,No,source approximate site coordinate,Gretzinger et al. 2025 Supplementary Table S1 approximate site coordinate,Not present in local AADR v66 annotation; retained from direct supplementary source table trace.,"Direct supplementary source-row trace for Supplementary Figure S1 only; not evidence of PH908 presence, PH908 absence, geographic origin, ethnic identity, population continuity, or migration route."
436,BBC031,BBC031.A0101,"Gretzinger et al., Nature 2025","Gretzinger et al., Nature 2025 Supplementary Table S1",gretzinger_2025_supplementary_data_tables_1_51.xlsx,Croatia,Bubi's cave,45.34,15.47,250 CE - 300 CE,275.0,M,273697,I5c,G2a,"PF3141,U5",G2a,G2a,Yes,source approximate site coordinate,Gretzinger et al. 2025 Supplementary Table S1 approximate site coordinate,Not present in local AADR v66 annotation; retained from direct supplementary source table trace.,"Direct supplementary source-row trace for Supplementary Figure S1 only; not evidence of PH908 presence, PH908 absence, geographic origin, ethnic identity, population continuity, or migration route."
437,BBC032,BBC032.A0101,"Gretzinger et al., Nature 2025","Gretzinger et al., Nature 2025 Supplementary Table S1",gretzinger_2025_supplementary_data_tables_1_51.xlsx,Croatia,Bubi's cave,45.34,15.47,250 CE - 300 CE,275.0,M,82797,K1a3a3,J2b2a~,"AM01367,Z605",J2b2a~,J2b,Yes,source approximate site coordinate,Gretzinger et al. 2025 Supplementary Table S1 approximate site coordinate,Not present in local AADR v66 annotation; retained from direct supplementary source table trace.,"Direct supplementary source-row trace for Supplementary Figure S1 only; not evidence of PH908 presence, PH908 absence, geographic origin, ethnic identity, population continuity, or migration route."
438,BBC033,BBC033.A0101,"Gretzinger et al., Nature 2025","Gretzinger et al., Nature 2025 Supplementary Table S1",gretzinger_2025_supplementary_data_tables_1_51.xlsx,Croatia,Bubi's cave,45.34,15.47,250 CE - 300 CE,275.0,M,627060,I5c,G2a,"PF3141,U5",G2a,G2a,Yes,source approximate site coordinate,Gretzinger et al. 2025 Supplementary Table S1 approximate site coordinate,Not present in local AADR v66 annotation; retained from direct supplementary source table trace.,"Direct supplementary source-row trace for Supplementary Figure S1 only; not evidence of PH908 presence, PH908 absence, geographic origin, ethnic identity, population continuity, or migration route."
439,BBC034,BBC034.A0101,"Gretzinger et al., Nature 2025","Gretzinger et al., Nature 2025 Supplementary Table S1",gretzinger_2025_supplementary_data_tables_1_51.xlsx,Croatia,Bubi's cave,45.34,15.47,250 CE - 300 CE,275.0,M,787681,not reported,G2a2b2a1a1b,"S20969,Z3390",G2a2b2a1a1b,G2a,Yes,source approximate site coordinate,Gretzinger et al. 2025 Supplementary Table S1 approximate site coordinate,Not present in local AADR v66 annotation; retained from direct supplementary source table trace.,"Direct supplementary source-row trace for Supplementary Figure S1 only; not evidence of PH908 presence, PH908 absence, geographic origin, ethnic identity, population continuity, or migration route."
440,BBC035,BBC035.A0101,"Gretzinger et al., Nature 2025","Gretzinger et al., Nature 2025 Supplementary Table S1",gretzinger_2025_supplementary_data_tables_1_51.xlsx,Croatia,Bubi's cave,45.34,15.47,250 CE - 300 CE,275.0,M,21994,J1c,not reported,not reported,not reported,other,No,source approximate site coordinate,Gretzinger et al. 2025 Supplementary Table S1 approximate site coordinate,Not present in local AADR v66 annotation; retained from direct supplementary source table trace.,"Direct supplementary source-row trace for Supplementary Figure S1 only; not evidence of PH908 presence, PH908 absence, geographic origin, ethnic identity, population continuity, or migration route."
441,BBC038,BBC038.A0101,"Gretzinger et al., Nature 2025","Gretzinger et al., Nature 2025 Supplementary Table S1",gretzinger_2025_supplementary_data_tables_1_51.xlsx,Croatia,Bubi's cave,45.34,15.47,250 CE - 300 CE,275.0,M,313097,U8a1a1,E1b1b1a1b1~,"FGC11422,SK887,Y3865",E1b1b1a1b1~,E-V13,Yes,source approximate site coordinate,Gretzinger et al. 2025 Supplementary Table S1 approximate site coordinate,Not present in local AADR v66 annotation; retained from direct supplementary source table trace.,"Direct supplementary source-row trace for Supplementary Figure S1 only; not evidence of PH908 presence, PH908 absence, geographic origin, ethnic identity, population continuity, or migration route."
442,I15501,I15501,"Olalde et al., Cell 2023","Olalde et al., Cell 2023 Data S2 Table 1",NIHMS1944038-supplement-Data_S2.xlsx,Serbia,"Viminacium, Pirivoj Necropolis",44.732,21.234,50-350 CE,200.0,Undetermined (male based on physical anthropology),11324,J1c1,not reported,not reported,not reported,other,No,source coordinate,Olalde et al. 2023 Data S2 Table 1 coordinate,Not present in local AADR v66 annotation; retained from direct supplementary source table trace.,"Direct supplementary source-row trace for Supplementary Figure S1 only; not evidence of PH908 presence, PH908 absence, geographic origin, ethnic identity, population continuity, or migration route."
443,I15485,I15485,"Olalde et al., Cell 2023","Olalde et al., Cell 2023 Data S2 Table 1",NIHMS1944038-supplement-Data_S2.xlsx,Serbia,"Viminacium, Rit Necropolis",44.732,21.234,100-300 CE,200.0,Undetermined,7304,H,not reported,not reported,not reported,other,No,source coordinate,Olalde et al. 2023 Data S2 Table 1 coordinate,Not present in local AADR v66 annotation; retained from direct supplementary source table trace.,"Direct supplementary source-row trace for Supplementary Figure S1 only; not evidence of PH908 presence, PH908 absence, geographic origin, ethnic identity, population continuity, or migration route."
444,I15505,I15505,"Olalde et al., Cell 2023","Olalde et al., Cell 2023 Data S2 Table 1",NIHMS1944038-supplement-Data_S2.xlsx,Serbia,"Viminacium, Rit Necropolis",44.732,21.234,100-300 CE,200.0,M,3417,J1d1a1,not reported,not reported,not reported,other,No,source coordinate,Olalde et al. 2023 Data S2 Table 1 coordinate,Not present in local AADR v66 annotation; retained from direct supplementary source table trace.,"Direct supplementary source-row trace for Supplementary Figure S1 only; not evidence of PH908 presence, PH908 absence, geographic origin, ethnic identity, population continuity, or migration route."
445,I15519,I15519,"Olalde et al., Cell 2023","Olalde et al., Cell 2023 Data S2 Table 1",NIHMS1944038-supplement-Data_S2.xlsx,Serbia,"Viminacium, Rit Necropolis",44.732,21.234,100-300 CE,200.0,F,4150,R0a2d,not reported,not reported,not reported,other,No,source coordinate,Olalde et al. 2023 Data S2 Table 1 coordinate,Not present in local AADR v66 annotation; retained from direct supplementary source table trace.,"Direct supplementary source-row trace for Supplementary Figure S1 only; not evidence of PH908 presence, PH908 absence, geographic origin, ethnic identity, population continuity, or migration route."
446,I15503,I15503,"Olalde et al., Cell 2023","Olalde et al., Cell 2023 Data S2 Table 1",NIHMS1944038-supplement-Data_S2.xlsx,Serbia,"Viminacium, Više Grobalja necropolis",44.732,21.234,100-200 CE,150.0,F,24996,U5a2c,not reported,not reported,not reported,other,No,source coordinate,Olalde et al. 2023 Data S2 Table 1 coordinate,Not present in local AADR v66 annotation; retained from direct supplementary source table trace.,"Direct supplementary source-row trace for Supplementary Figure S1 only; not evidence of PH908 presence, PH908 absence, geographic origin, ethnic identity, population continuity, or migration route."
447,I26776,I26776,"Olalde et al., Cell 2023","Olalde et al., Cell 2023 Data S2 Table 1",NIHMS1944038-supplement-Data_S2.xlsx,Croatia,"Poliklinika, Zadar",44.1092,15.230634,200-400 CE,300.0,M,668214,H105,R-DF13,"R1b,R-M269,R-L23,R-L52,R-L151,R-P312,R-S461,R-L21,R-DF13",R1b1a1b1a1a2c1a,R1b,Yes,source coordinate,Olalde et al. 2023 Data S2 Table 1 coordinate,Not present in local AADR v66 annotation; retained from direct supplementary source table trace.,"Direct supplementary source-row trace for Supplementary Figure S1 only; not evidence of PH908 presence, PH908 absence, geographic origin, ethnic identity, population continuity, or migration route."
448,I26897,I26897,"Olalde et al., Cell 2023","Olalde et al., Cell 2023 Data S2 Table 1",NIHMS1944038-supplement-Data_S2.xlsx,Croatia,Gardun,43.602409,16.715252,400-600 CE,500.0,M,943544,H1e,R-L2,"R1b,R-M269,R-L23,R-L52,R-L151,R-P312,R-U152,R-L2",R1b1a1b1a1a2b1,R1b,Yes,source coordinate,Olalde et al. 2023 Data S2 Table 1 coordinate,Not present in local AADR v66 annotation; retained from direct supplementary source table trace.,"Direct supplementary source-row trace for Supplementary Figure S1 only; not evidence of PH908 presence, PH908 absence, geographic origin, ethnic identity, population continuity, or migration route."
449,I26899,I26899,"Olalde et al., Cell 2023","Olalde et al., Cell 2023 Data S2 Table 1",NIHMS1944038-supplement-Data_S2.xlsx,Croatia,Gardun,43.602409,16.715252,432-598 cal CE (Beta-584485),500.0,M,21419,n/a (<2x coverage),E-L618,"E1b,E-M78,E-L618",E1b1b1a1b1,other,No,source coordinate,Olalde et al. 2023 Data S2 Table 1 coordinate,Not present in local AADR v66 annotation; retained from direct supplementary source table trace.,"Direct supplementary source-row trace for Supplementary Figure S1 only; not evidence of PH908 presence, PH908 absence, geographic origin, ethnic identity, population continuity, or migration route."
450,I24343,I24343,"Olalde et al., Cell 2023","Olalde et al., Cell 2023 Data S2 Table 1",NIHMS1944038-supplement-Data_S2.xlsx,Croatia,Mala Metaljka,45.12773,15.31854,"433-578 cal CE (1550±20 BP, UCIAMS-179779)",514.0,F,33237,J1c5,not reported,not reported,not reported,other,No,source coordinate,Olalde et al. 2023 Data S2 Table 1 coordinate,Not present in local AADR v66 annotation; retained from direct supplementary source table trace.,"Direct supplementary source-row trace for Supplementary Figure S1 only; not evidence of PH908 presence, PH908 absence, geographic origin, ethnic identity, population continuity, or migration route."
451,I15506,I15506,"Olalde et al., Cell 2023","Olalde et al., Cell 2023 Data S2 Table 1",NIHMS1944038-supplement-Data_S2.xlsx,Serbia,"Viminacium, Rit Necropolis",44.732,21.234,100-300 CE,200.0,Undetermined,not reported,HV9+152,not reported,not reported,not reported,other,No,source coordinate,Olalde et al. 2023 Data S2 Table 1 coordinate,Not present in local AADR v66 annotation; retained from direct supplementary source table trace.,"Direct supplementary source-row trace for Supplementary Figure S1 only; not evidence of PH908 presence, PH908 absence, geographic origin, ethnic identity, population continuity, or migration route."
452,I26706,I26706,"Olalde et al., Cell 2023","Olalde et al., Cell 2023 Data S2 Table 1",NIHMS1944038-supplement-Data_S2.xlsx,Croatia,"Dragulin necropolis, Trogir",43.520433,16.245953,1-50 CE,25.0,Undetermined,not reported,not reported,not reported,not reported,not reported,other,No,source coordinate,Olalde et al. 2023 Data S2 Table 1 coordinate,Not present in local AADR v66 annotation; retained from direct supplementary source table trace.,"Direct supplementary source-row trace for Supplementary Figure S1 only; not evidence of PH908 presence, PH908 absence, geographic origin, ethnic identity, population continuity, or migration route."
453,I26717,I26717,"Olalde et al., Cell 2023","Olalde et al., Cell 2023 Data S2 Table 1",NIHMS1944038-supplement-Data_S2.xlsx,Croatia,"Dobrić necropolis, Trogir",43.520214,16.250633,300-600 CE,450.0,Undetermined,not reported,not reported,not reported,not reported,not reported,other,No,source coordinate,Olalde et al. 2023 Data S2 Table 1 coordinate,Not present in local AADR v66 annotation; retained from direct supplementary source table trace.,"Direct supplementary source-row trace for Supplementary Figure S1 only; not evidence of PH908 presence, PH908 absence, geographic origin, ethnic identity, population continuity, or migration route."
454,I26713,I26713,"Olalde et al., Cell 2023","Olalde et al., Cell 2023 Data S2 Table 1",NIHMS1944038-supplement-Data_S2.xlsx,Croatia,"Dobrić necropolis, Trogir",43.520214,16.250633,100-500 CE,300.0,Undetermined,not reported,not reported,not reported,not reported,not reported,other,No,source coordinate,Olalde et al. 2023 Data S2 Table 1 coordinate,Not present in local AADR v66 annotation; retained from direct supplementary source table trace.,"Direct supplementary source-row trace for Supplementary Figure S1 only; not evidence of PH908 presence, PH908 absence, geographic origin, ethnic identity, population continuity, or migration route."
455,I26711,I26711,"Olalde et al., Cell 2023","Olalde et al., Cell 2023 Data S2 Table 1",NIHMS1944038-supplement-Data_S2.xlsx,Croatia,"Dobrić necropolis, Trogir",43.520214,16.250633,300-600 CE,450.0,Undetermined,not reported,not reported,not reported,not reported,not reported,other,No,source coordinate,Olalde et al. 2023 Data S2 Table 1 coordinate,Not present in local AADR v66 annotation; retained from direct supplementary source table trace.,"Direct supplementary source-row trace for Supplementary Figure S1 only; not evidence of PH908 presence, PH908 absence, geographic origin, ethnic identity, population continuity, or migration route."
456,I26896,I26896,"Olalde et al., Cell 2023","Olalde et al., Cell 2023 Data S2 Table 1",NIHMS1944038-supplement-Data_S2.xlsx,Croatia,Gardun,43.602409,16.715252,400-600 CE,500.0,Undetermined,not reported,not reported,not reported,not reported,not reported,other,No,source coordinate,Olalde et al. 2023 Data S2 Table 1 coordinate,Not present in local AADR v66 annotation; retained from direct supplementary source table trace.,"Direct supplementary source-row trace for Supplementary Figure S1 only; not evidence of PH908 presence, PH908 absence, geographic origin, ethnic identity, population continuity, or migration route."
457,E3910,Ljubač Nekropola Venac_Gr. 7 individual 2,"Marjanovic et al., Genes 2026","Marjanovic et al., Genes 2026 Supplementary Table S1",genes-4035844-supplementary.xlsx,Croatia,Ljubač Nekropola Venac,44.26055,15.29534,Early Iron Age,-650.0,XY,78585,H2,R1a,"R-Z2108*(xR-Y14415,R-Y182248,R-Y125250,R-BY147638,R-Y47264,R-Y29917,R-Y18455)",not reported,R1b,Yes,approximate geocoded locality,Ljubač locality centroid from OpenStreetMap/Nominatim; low-precision site proxy,Not present in local AADR v66 annotation; retained from direct supplementary source table trace.,"Direct supplementary source-row trace for Supplementary Figure S1 only; not evidence of PH908 presence, PH908 absence, geographic origin, ethnic identity, population continuity, or migration route."
458,E3911,Ljubač Nekropola Venac_Gr. 7 individual 3,"Marjanovic et al., Genes 2026","Marjanovic et al., Genes 2026 Supplementary Table S1",genes-4035844-supplementary.xlsx,Croatia,Ljubač Nekropola Venac,44.26055,15.29534,Early Iron Age,-650.0,XY,92958,H2a2,R1b,"R-L23*(xR-Y13369,R-Y4364,R-BY72268,R-Y125250,R-Y84821,R-Y157951,R-BY147638,R-Y207622,R-Y14300,R-Y22219,R-FT34428,R-Y28635,R-Y132099,R-Y19137,R-Y72113,R-Y81100,R-Y20344,R-BY159899,R
-Y37919,R-Y37188,R-Z4416,R-S1161,R-Y215758,R-P312,R-Y87436,R-BY55837,R-Y132791,R-Y87663,R-Y28597,R-S6849,R-A8051,R-Y3443,R-S16185,R-Y19118,R-FGC6202,R-L45,R-Y6452,R-S6926,R-Y3264,R-FGC15335,R-Y32883,R-Y85
376,R-Y139319,R-BY41658,R-Y33210,R-S16218,R-Z344,R-Y23208,R-BY16170,R-DF102,R-Z12,R-BY174977,R-S12035,R-S11610,R-Y3159,R-FGC17344,R-PAGE20,R-PF5143,R-Y31374,R-Y31330,R-S19342,R-S16994,R-BY40243,R-Y23815,R
-Y14067,R-S9891,R-Y19116,R-Y29890,R-Y3965,R-Y24832,R-FGC13326,R-A226,R-Y19736,R-BY19952,R-Y19747,R-Y237922,R-Y85987,R-Y15474,R-Y100873,R-FGC14875,R-FGC17465,R-Y11837)",not reported,R1b,Yes,approximate geocoded locality,Ljubač locality centroid from OpenStreetMap/Nominatim; low-precision site proxy,Not present in local AADR v66 annotation; retained from direct supplementary source table trace.,"Direct supplementary source-row trace for Supplementary Figure S1 only; not evidence of PH908 presence, PH908 absence, geographic origin, ethnic identity, population continuity, or migration route."
459,E3915,Ljubač Nekropola Venac_Gr. 8 individual 1,"Marjanovic et al., Genes 2026","Marjanovic et al., Genes 2026 Supplementary Table S1",genes-4035844-supplementary.xlsx,Croatia,Ljubač Nekropola Venac,44.26055,15.29534,Early Iron Age,-650.0,XX,36808,HV0e,not reported,-,not reported,other,No,approximate geocoded locality,Ljubač locality centroid from OpenStreetMap/Nominatim; low-precision site proxy,Not present in local AADR v66 annotation; retained from direct supplementary source table trace.,"Direct supplementary source-row trace for Supplementary Figure S1 only; not evidence of PH908 presence, PH908 absence, geographic origin, ethnic identity, population continuity, or migration route."
460,E3908,Ljubač Nekropola Venac_Gr. 11 individual 3,"Marjanovic et al., Genes 2026","Marjanovic et al., Genes 2026 Supplementary Table S1",genes-4035844-supplementary.xlsx,Croatia,Ljubač Nekropola Venac,44.26055,15.29534,Early Iron Age,-650.0,XY,18809,N1b1a,not reported,-,not reported,other,No,approximate geocoded locality,Ljubač locality centroid from OpenStreetMap/Nominatim; low-precision site proxy,Not present in local AADR v66 annotation; retained from direct supplementary source table trace.,"Direct supplementary source-row trace for Supplementary Figure S1 only; not evidence of PH908 presence, PH908 absence, geographic origin, ethnic identity, population continuity, or migration route."
461,E3914,Ljubač Nekropola Venac _Gr. 19 individual 2,"Marjanovic et al., Genes 2026","Marjanovic et al., Genes 2026 Supplementary Table S1",genes-4035844-supplementary.xlsx,Croatia,Ljubač Nekropola Venac,44.26055,15.29534,Late Bronze/Early Iron Age,-850.0,XX,664017,HV0e,not reported,-,not reported,other,No,approximate geocoded locality,Ljubač locality centroid from OpenStreetMap/Nominatim; low-precision site proxy,Not present in local AADR v66 annotation; retained from direct supplementary source table trace.,"Direct supplementary source-row trace for Supplementary Figure S1 only; not evidence of PH908 presence, PH908 absence, geographic origin, ethnic identity, population continuity, or migration route."
462,E3912,Ljubač Nekropola Venac_Gr. 19 individual 5,"Marjanovic et al., Genes 2026","Marjanovic et al., Genes 2026 Supplementary Table S1",genes-4035844-supplementary.xlsx,Croatia,Ljubač Nekropola Venac,44.26055,15.29534,Late Bronze/Early Iron Age,-850.0,XX,904300,HV0e,not reported,-,not reported,other,No,approximate geocoded locality,Ljubač locality centroid from OpenStreetMap/Nominatim; low-precision site proxy,Not present in local AADR v66 annotation; retained from direct supplementary source table trace.,"Direct supplementary source-row trace for Supplementary Figure S1 only; not evidence of PH908 presence, PH908 absence, geographic origin, ethnic identity, population continuity, or migration route."
463,E3907,Ljubač Nekropola Venac_Gr. 20,"Marjanovic et al., Genes 2026","Marjanovic et al., Genes 2026 Supplementary Table S1",genes-4035844-supplementary.xlsx,Croatia,Ljubač Nekropola Venac,44.26055,15.29534,Early Iron Age,-650.0,XY,140122,U2d2,J1a,"J-Z1825*(xJ-Z2453,J-Z1297,J-Y20899,J-Z40054,J-Z4133,J-Y36166,J-Y37840,J-FT65166,J-Y22038,J-Y130843,J-FT195999,J-FGC64029,J-Y958,J-Y950,J-Y951,J-ZS267,J-Y28253,J-Y310062)",not reported,other,No,approximate geocoded locality,Ljubač locality centroid from OpenStreetMap/Nominatim; low-precision site proxy,Not present in local AADR v66 annotation; retained from direct supplementary source table trace.,"Direct supplementary source-row trace for Supplementary Figure S1 only; not evidence of PH908 presence, PH908 absence, geographic origin, ethnic identity, population continuity, or migration route."
464,E3913,Ljubač Nekropola Venac_Gr. 24,"Marjanovic et al., Genes 2026","Marjanovic et al., Genes 2026 Supplementary Table S1",genes-4035844-supplementary.xlsx,Croatia,Ljubač Nekropola Venac,44.26055,15.29534,Early Iron Age,-650.0,XX,32305,H2a,not reported,-,not reported,other,No,approximate geocoded locality,Ljubač locality centroid from OpenStreetMap/Nominatim; low-precision site proxy,Not present in local AADR v66 annotation; retained from direct supplementary source table trace.,"Direct supplementary source-row trace for Supplementary Figure S1 only; not evidence of PH908 presence, PH908 absence, geographic origin, ethnic identity, population continuity, or migration route."
465,E3916,Ljubač_Tumul 4 Gr. 1,"Marjanovic et al., Genes 2026","Marjanovic et al., Genes 2026 Supplementary Table S1",genes-4035844-supplementary.xlsx,Croatia,Ljubač_Tumul 4,44.26055,15.29534,Bronze Age,-1600.0,XY,185592,K1ag,J2b,"J-Z2432*(xJ-Y28235,J-Z2433",not reported,J2b,Yes,approximate geocoded locality,Ljubač locality centroid from OpenStreetMap/Nominatim; low-precision site proxy,Not present in local AADR v66 annotation; retained from direct supplementary source table trace.,"Direct supplementary source-row trace for Supplementary Figure S1 only; not evidence of PH908 presence, PH908 absence, geographic origin, ethnic identity, population continuity, or migration route."
466,E3921,Vrbica _Tumul 2 Gr. 10,"Marjanovic et al., Genes 2026","Marjanovic et al., Genes 2026 Supplementary Table S1",genes-4035844-supplementary.xlsx,Croatia,Vrbica,43.95242,15.48859,Bronze Age,-1600.0,XX,463934,J2b1C,not reported,-,not reported,other,No,approximate geocoded locality,Vrbica locality centroid from OpenStreetMap/Nominatim; low-precision site proxy,Not present in local AADR v66 annotation; retained from direct supplementary source table trace.,"Direct supplementary source-row trace for Supplementary Figure S1 only; not evidence of PH908 presence, PH908 absence, geographic origin, ethnic identity, population continuity, or migration route."
467,E3922,Dračevac_Tumul 3 Gr. 15 individual 1,"Marjanovic et al., Genes 2026","Marjanovic et al., Genes 2026 Supplementary Table S1",genes-4035844-supplementary.xlsx,Croatia,Dračevac,44.19828,15.31136,Early or Middle Bronze Age,-1800.0,?,40950,T2a1B,J*,"J-Y31143*(xJ-Y45371,J-BY22535)",not reported,other,No,approximate geocoded locality,Dračevac Ninski locality centroid from OpenStreetMap/Nominatim; low-precision site proxy,Not present in local AADR v66 annotation; retained from direct supplementary source table trace.,"Direct supplementary source-row trace for Supplementary Figure S1 only; not evidence of PH908 presence, PH908 absence, geographic origin, ethnic identity, population continuity, or migration route."
468,E3920,Vrbica _Tumul 11 Gr. 15 individual 1,"Marjanovic et al., Genes 2026","Marjanovic et al., Genes 2026 Supplementary Table S1",genes-4035844-supplementary.xlsx,Croatia,Vrbica,43.95242,15.48859,Bronze Age,-1600.0,XX,44153,K1a+195,not reported,-,not reported,other,No,approximate geocoded locality,Vrbica locality centroid from OpenStreetMap/Nominatim; low-precision site proxy,Not present in local AADR v66 annotation; retained from direct supplementary source table trace.,"Direct supplementary source-row trace for Supplementary Figure S1 only; not evidence of PH908 presence, PH908 absence, geographic origin, ethnic identity, population continuity, or migration route."
469,E3924,Torine _Tumul 20 Gr. 5 individual 2,"Marjanovic et al., Genes 2026","Marjanovic et al., Genes 2026 Supplementary Table S1",genes-4035844-supplementary.xlsx,Croatia,Torine,44.0268,15.39489,Early Iron Age,-650.0,XX,154853,H4d,not reported,-,not reported,other,No,approximate geocoded locality,Torine locality centroid from OpenStreetMap/Nominatim; low-precision site proxy,Not present in local AADR v66 annotation; retained from direct supplementary source table trace.,"Direct supplementary source-row trace for Supplementary Figure S1 only; not evidence of PH908 presence, PH908 absence, geographic origin, ethnic identity, population continuity, or migration route."
470,E3923,Torine _Tumul 20 Gr. 8 individual 2,"Marjanovic et al., Genes 2026","Marjanovic et al., Genes 2026 Supplementary Table S1",genes-4035844-supplementary.xlsx,Croatia,Torine,44.0268,15.39489,Early Iron Age,-650.0,XY,141089,T2B,J2b,J-YP50,not reported,J2b,Yes,approximate geocoded locality,Torine locality centroid from OpenStreetMap/Nominatim; low-precision site proxy,Not present in local AADR v66 annotation; retained from direct supplementary source table trace.,"Direct supplementary source-row trace for Supplementary Figure S1 only; not evidence of PH908 presence, PH908 absence, geographic origin, ethnic identity, population continuity, or migration route."
471,E3925,Torine _Tumul 21 Gr. 1 individual 1,"Marjanovic et al., Genes 2026","Marjanovic et al., Genes 2026 Supplementary Table S1",genes-4035844-supplementary.xlsx,Croatia,Torine,44.0268,15.39489,Bronze Age,-1600.0,XY,24660,U3a1,J2a,J-Y20492*(xJ-L556),not reported,other,No,approximate geocoded locality,Torine locality centroid from OpenStreetMap/Nominatim; low-precision site proxy,Not present in local AADR v66 annotation; retained from direct supplementary source table trace.,"Direct supplementary source-row trace for Supplementary Figure S1 only; not evidence of PH908 presence, PH908 absence, geographic origin, ethnic identity, population continuity, or migration route."
472,JAG06,SU752 U76,"Freilich et al., Scientific Reports 2021","Freilich et al., Scientific Reports 2021 supplementary source table",published supplementary source table retained in the S1 plotted-point source row; DOI recorded in s1_14,Croatia,"Jagodnjak-Krcevine, Osijek, Croatia",45.687,18.506,1800-1600 BCE,-1700.0,M,846845,T2b11,G2a2a1a2a2a1~-Z31430,G2a2a1a2a2a1~-Z31430,G2a2a1a2a2a1~-Z31430,G2a,Yes,source coordinate,Freilich et al. 2021 Supplementary Table S1,Not present in local AADR v66 annotation; retained from direct supplementary source table trace.,"Direct supplementary source-row trace for Supplementary Figure S1 only; not evidence of PH908 presence, PH908 absence, geographic origin, ethnic identity, population continuity, or migration route."
473,I26726,I26726,"Patterson et al., Nature 2021","Patterson et al., Nature 2021 supplementary source table",published supplementary source table retained in the S1 plotted-point source row; DOI recorded in s1_14,Croatia,Gudnja cave,42.833333,17.7,"1507-1415 calBCE (3190±30 BP, Beta-423457)",-1461.0,M,896713,J1c3,J-Z1297,J-Z1297,J2b2a1a1a1a1a,J2b,Yes,source coordinate,Patterson et al. 2021 Supplementary Table S1,Not present in local AADR v66 annotation; retained from direct supplementary source table trace.,"Direct supplementary source-row trace for Supplementary Figure S1 only; not evidence of PH908 presence, PH908 absence, geographic origin, ethnic identity, population continuity, or migration route."
474,I26735,I26735,"Patterson et al., Nature 2021","Patterson et al., Nature 2021 supplementary source table",published supplementary source table retained in the S1 plotted-point source row; DOI recorded in s1_14,Croatia,Osijek (Vojarna/Faculty of Education),45.55101,18.746617,150-50 BCE,-100.0,M,912684,J1c12,R-V88,R-V88,R1b,R1b,Yes,source coordinate,Patterson et al. 2021 Supplementary Table S1,Not present in local AADR v66 annotation; retained from direct supplementary source table trace.,"Direct supplementary source-row trace for Supplementary Figure S1 only; not evidence of PH908 presence, PH908 absence, geographic origin, ethnic identity, population continuity, or migration route."
475,I19032,u-61j,"Lazaridis et al., Science 2022","Lazaridis et al., Science 2022 source data table",science.abm4247_data_s1.xlsx,Croatia,Cetina Valley,43.967224,16.432671,2000-1600 BCE,-1800.0,M,115862,J1c1,J-Y15058,J-Y15058,J2b2a1a1a1b~,J2b,Yes,source coordinate,Lazaridis et al. 2022 Science Data S1,Not present in local AADR v66 annotation; retained from direct supplementary source table trace.,"Direct supplementary source-row trace for Supplementary Figure S1 only; not evidence of PH908 presence, PH908 absence, geographic origin, ethnic identity, population continuity, or migration route."
