"section","display_order","contract_id","audit_card","lineage_root","evidence_role","mask_role","mask_label","region_rule","region_values","country_code","country_code_status","reported_use","source_trace","claim_boundary"
"Scored focused contract country membership","001","R_Z280_EE_RUSSIA_TO_BALKAN","R-Z280","R-Z280","Matched R1a positive comparator","source","Eastern Europe/Russia","Focused roll-up region mask","east_europe;east_europe_plus_russia","BLR","Included in the scored mask.","Defines the positive matched-comparator envelope for the held-out PH908 application.","tables/26_benchmark_audit_card_matrix.csv; source_data/core_yfull/source_receiver_highlight_contracts.csv; audited country-code recode used for the core YFull source bundle","Country-code membership for a predefined model-checking mask only; not subnational placement, geographic origin, ethnic identity, population continuity, migration route, or population frequency."
"Scored focused contract country membership","002","R_Z280_EE_RUSSIA_TO_BALKAN","R-Z280","R-Z280","Matched R1a positive comparator","source","Eastern Europe/Russia","Focused roll-up region mask","east_europe;east_europe_plus_russia","CZE","Included in the scored mask.","Defines the positive matched-comparator envelope for the held-out PH908 application.","tables/26_benchmark_audit_card_matrix.csv; source_data/core_yfull/source_receiver_highlight_contracts.csv; audited country-code recode used for the core YFull source bundle","Country-code membership for a predefined model-checking mask only; not subnational placement, geographic origin, ethnic identity, population continuity, migration route, or population frequency."
"Scored focused contract country membership","003","R_Z280_EE_RUSSIA_TO_BALKAN","R-Z280","R-Z280","Matched R1a positive comparator","source","Eastern Europe/Russia","Focused roll-up region mask","east_europe;east_europe_plus_russia","EST","Included in the scored mask.","Defines the positive matched-comparator envelope for the held-out PH908 application.","tables/26_benchmark_audit_card_matrix.csv; source_data/core_yfull/source_receiver_highlight_contracts.csv; audited country-code recode used for the core YFull source bundle","Country-code membership for a predefined model-checking mask only; not subnational placement, geographic origin, ethnic identity, population continuity, migration route, or population frequency."
"Scored focused contract country membership","004","R_Z280_EE_RUSSIA_TO_BALKAN","R-Z280","R-Z280","Matched R1a positive comparator","source","Eastern Europe/Russia","Focused roll-up region mask","east_europe;east_europe_plus_russia","HUN","Included in the scored mask.","Defines the positive matched-comparator envelope for the held-out PH908 application.","tables/26_benchmark_audit_card_matrix.csv; source_data/core_yfull/source_receiver_highlight_contracts.csv; audited country-code recode used for the core YFull source bundle","Country-code membership for a predefined model-checking mask only; not subnational placement, geographic origin, ethnic identity, population continuity, migration route, or population frequency."
"Scored focused contract country membership","005","R_Z280_EE_RUSSIA_TO_BALKAN","R-Z280","R-Z280","Matched R1a positive comparator","source","Eastern Europe/Russia","Focused roll-up region mask","east_europe;east_europe_plus_russia","LTU","Included in the scored mask.","Defines the positive matched-comparator envelope for the held-out PH908 application.","tables/26_benchmark_audit_card_matrix.csv; source_data/core_yfull/source_receiver_highlight_contracts.csv; audited country-code recode used for the core YFull source bundle","Country-code membership for a predefined model-checking mask only; not subnational placement, geographic origin, ethnic identity, population continuity, migration route, or population frequency."
"Scored focused contract country membership","006","R_Z280_EE_RUSSIA_TO_BALKAN","R-Z280","R-Z280","Matched R1a positive comparator","source","Eastern Europe/Russia","Focused roll-up region mask","east_europe;east_europe_plus_russia","LVA","Included in the scored mask.","Defines the positive matched-comparator envelope for the held-out PH908 application.","tables/26_benchmark_audit_card_matrix.csv; source_data/core_yfull/source_receiver_highlight_contracts.csv; audited country-code recode used for the core YFull source bundle","Country-code membership for a predefined model-checking mask only; not subnational placement, geographic origin, ethnic identity, population continuity, migration route, or population frequency."
"Scored focused contract country membership","007","R_Z280_EE_RUSSIA_TO_BALKAN","R-Z280","R-Z280","Matched R1a positive comparator","source","Eastern Europe/Russia","Focused roll-up region mask","east_europe;east_europe_plus_russia","MDA","Included in the scored mask.","Defines the positive matched-comparator envelope for the held-out PH908 application.","tables/26_benchmark_audit_card_matrix.csv; source_data/core_yfull/source_receiver_highlight_contracts.csv; audited country-code recode used for the core YFull source bundle","Country-code membership for a predefined model-checking mask only; not subnational placement, geographic origin, ethnic identity, population continuity, migration route, or population frequency."
"Scored focused contract country membership","008","R_Z280_EE_RUSSIA_TO_BALKAN","R-Z280","R-Z280","Matched R1a positive comparator","source","Eastern Europe/Russia","Focused roll-up region mask","east_europe;east_europe_plus_russia","POL","Included in the scored mask.","Defines the positive matched-comparator envelope for the held-out PH908 application.","tables/26_benchmark_audit_card_matrix.csv; source_data/core_yfull/source_receiver_highlight_contracts.csv; audited country-code recode used for the core YFull source bundle","Country-code membership for a predefined model-checking mask only; not subnational placement, geographic origin, ethnic identity, population continuity, migration route, or population frequency."
"Scored focused contract country membership","009","R_Z280_EE_RUSSIA_TO_BALKAN","R-Z280","R-Z280","Matched R1a positive comparator","source","Eastern Europe/Russia","Focused roll-up region mask","east_europe;east_europe_plus_russia","RUS","Included in the scored mask when explicitly specified; evaluated in the conservative ambiguity audit.","Defines the positive matched-comparator envelope for the held-out PH908 application.","tables/26_benchmark_audit_card_matrix.csv; source_data/core_yfull/source_receiver_highlight_contracts.csv; audited country-code recode used for the core YFull source bundle","Country-code membership for a predefined model-checking mask only; not subnational placement, geographic origin, ethnic identity, population continuity, migration route, or population frequency."
"Scored focused contract country membership","010","R_Z280_EE_RUSSIA_TO_BALKAN","R-Z280","R-Z280","Matched R1a positive comparator","source","Eastern Europe/Russia","Focused roll-up region mask","east_europe;east_europe_plus_russia","SVK","Included in the scored mask.","Defines the positive matched-comparator envelope for the held-out PH908 application.","tables/26_benchmark_audit_card_matrix.csv; source_data/core_yfull/source_receiver_highlight_contracts.csv; audited country-code recode used for the core YFull source bundle","Country-code membership for a predefined model-checking mask only; not subnational placement, geographic origin, ethnic identity, population continuity, migration route, or population frequency."
"Scored focused contract country membership","011","R_Z280_EE_RUSSIA_TO_BALKAN","R-Z280","R-Z280","Matched R1a positive comparator","source","Eastern Europe/Russia","Focused roll-up region mask","east_europe;east_europe_plus_russia","UKR","Included in the scored mask.","Defines the positive matched-comparator envelope for the held-out PH908 application.","tables/26_benchmark_audit_card_matrix.csv; source_data/core_yfull/source_receiver_highlight_contracts.csv; audited country-code recode used for the core YFull source bundle","Country-code membership for a predefined model-checking mask only; not subnational placement, geographic origin, ethnic identity, population continuity, migration route, or population frequency."
"Scored focused contract country membership","012","R_Z280_EE_RUSSIA_TO_BALKAN","R-Z280","R-Z280","Matched R1a positive comparator","receiver","Balkans","Focused roll-up region mask","balkan","ALB","Included in the scored mask.","Defines the positive matched-comparator envelope for the held-out PH908 application.","tables/26_benchmark_audit_card_matrix.csv; source_data/core_yfull/source_receiver_highlight_contracts.csv; audited country-code recode used for the core YFull source bundle","Country-code membership for a predefined model-checking mask only; not subnational placement, geographic origin, ethnic identity, population continuity, migration route, or population frequency."
"Scored focused contract country membership","013","R_Z280_EE_RUSSIA_TO_BALKAN","R-Z280","R-Z280","Matched R1a positive comparator","receiver","Balkans","Focused roll-up region mask","balkan","BGR","Included in the scored mask.","Defines the positive matched-comparator envelope for the held-out PH908 application.","tables/26_benchmark_audit_card_matrix.csv; source_data/core_yfull/source_receiver_highlight_contracts.csv; audited country-code recode used for the core YFull source bundle","Country-code membership for a predefined model-checking mask only; not subnational placement, geographic origin, ethnic identity, population continuity, migration route, or population frequency."
"Scored focused contract country membership","014","R_Z280_EE_RUSSIA_TO_BALKAN","R-Z280","R-Z280","Matched R1a positive comparator","receiver","Balkans","Focused roll-up region mask","balkan","BIH","Included in the scored mask.","Defines the positive matched-comparator envelope for the held-out PH908 application.","tables/26_benchmark_audit_card_matrix.csv; source_data/core_yfull/source_receiver_highlight_contracts.csv; audited country-code recode used for the core YFull source bundle","Country-code membership for a predefined model-checking mask only; not subnational placement, geographic origin, ethnic identity, population continuity, migration route, or population frequency."
"Scored focused contract country membership","015","R_Z280_EE_RUSSIA_TO_BALKAN","R-Z280","R-Z280","Matched R1a positive comparator","receiver","Balkans","Focused roll-up region mask","balkan","GRC","Included in the scored mask.","Defines the positive matched-comparator envelope for the held-out PH908 application.","tables/26_benchmark_audit_card_matrix.csv; source_data/core_yfull/source_receiver_highlight_contracts.csv; audited country-code recode used for the core YFull source bundle","Country-code membership for a predefined model-checking mask only; not subnational placement, geographic origin, ethnic identity, population continuity, migration route, or population frequency."
"Scored focused contract country membership","016","R_Z280_EE_RUSSIA_TO_BALKAN","R-Z280","R-Z280","Matched R1a positive comparator","receiver","Balkans","Focused roll-up region mask","balkan","HRV","Included in the scored mask.","Defines the positive matched-comparator envelope for the held-out PH908 application.","tables/26_benchmark_audit_card_matrix.csv; source_data/core_yfull/source_receiver_highlight_contracts.csv; audited country-code recode used for the core YFull source bundle","Country-code membership for a predefined model-checking mask only; not subnational placement, geographic origin, ethnic identity, population continuity, migration route, or population frequency."
"Scored focused contract country membership","017","R_Z280_EE_RUSSIA_TO_BALKAN","R-Z280","R-Z280","Matched R1a positive comparator","receiver","Balkans","Focused roll-up region mask","balkan","MNE","Included in the scored mask.","Defines the positive matched-comparator envelope for the held-out PH908 application.","tables/26_benchmark_audit_card_matrix.csv; source_data/core_yfull/source_receiver_highlight_contracts.csv; audited country-code recode used for the core YFull source bundle","Country-code membership for a predefined model-checking mask only; not subnational placement, geographic origin, ethnic identity, population continuity, migration route, or population frequency."
"Scored focused contract country membership","018","R_Z280_EE_RUSSIA_TO_BALKAN","R-Z280","R-Z280","Matched R1a positive comparator","receiver","Balkans","Focused roll-up region mask","balkan","ROU","Included in the scored mask.","Defines the positive matched-comparator envelope for the held-out PH908 application.","tables/26_benchmark_audit_card_matrix.csv; source_data/core_yfull/source_receiver_highlight_contracts.csv; audited country-code recode used for the core YFull source bundle","Country-code membership for a predefined model-checking mask only; not subnational placement, geographic origin, ethnic identity, population continuity, migration route, or population frequency."
"Scored focused contract country membership","019","R_Z280_EE_RUSSIA_TO_BALKAN","R-Z280","R-Z280","Matched R1a positive comparator","receiver","Balkans","Focused roll-up region mask","balkan","SRB","Included in the scored mask.","Defines the positive matched-comparator envelope for the held-out PH908 application.","tables/26_benchmark_audit_card_matrix.csv; source_data/core_yfull/source_receiver_highlight_contracts.csv; audited country-code recode used for the core YFull source bundle","Country-code membership for a predefined model-checking mask only; not subnational placement, geographic origin, ethnic identity, population continuity, migration route, or population frequency."
"Scored focused contract country membership","020","R_Z280_EE_RUSSIA_TO_BALKAN","R-Z280","R-Z280","Matched R1a positive comparator","receiver","Balkans","Focused roll-up region mask","balkan","SVN","Included in the scored mask.","Defines the positive matched-comparator envelope for the held-out PH908 application.","tables/26_benchmark_audit_card_matrix.csv; source_data/core_yfull/source_receiver_highlight_contracts.csv; audited country-code recode used for the core YFull source bundle","Country-code membership for a predefined model-checking mask only; not subnational placement, geographic origin, ethnic identity, population continuity, migration route, or population frequency."
"Scored focused contract country membership","021","R_M458_EE_RUSSIA_TO_BALKAN","R-M458","R-M458","Matched R1a positive comparator","source","Eastern Europe/Russia","Focused roll-up region mask","east_europe;east_europe_plus_russia","BLR","Included in the scored mask.","Calibrates the positive matched-comparator envelope while exposing branch-scale sensitivity.","tables/26_benchmark_audit_card_matrix.csv; source_data/core_yfull/source_receiver_highlight_contracts.csv; audited country-code recode used for the core YFull source bundle","Country-code membership for a predefined model-checking mask only; not subnational placement, geographic origin, ethnic identity, population continuity, migration route, or population frequency."
"Scored focused contract country membership","022","R_M458_EE_RUSSIA_TO_BALKAN","R-M458","R-M458","Matched R1a positive comparator","source","Eastern Europe/Russia","Focused roll-up region mask","east_europe;east_europe_plus_russia","CZE","Included in the scored mask.","Calibrates the positive matched-comparator envelope while exposing branch-scale sensitivity.","tables/26_benchmark_audit_card_matrix.csv; source_data/core_yfull/source_receiver_highlight_contracts.csv; audited country-code recode used for the core YFull source bundle","Country-code membership for a predefined model-checking mask only; not subnational placement, geographic origin, ethnic identity, population continuity, migration route, or population frequency."
"Scored focused contract country membership","023","R_M458_EE_RUSSIA_TO_BALKAN","R-M458","R-M458","Matched R1a positive comparator","source","Eastern Europe/Russia","Focused roll-up region mask","east_europe;east_europe_plus_russia","EST","Included in the scored mask.","Calibrates the positive matched-comparator envelope while exposing branch-scale sensitivity.","tables/26_benchmark_audit_card_matrix.csv; source_data/core_yfull/source_receiver_highlight_contracts.csv; audited country-code recode used for the core YFull source bundle","Country-code membership for a predefined model-checking mask only; not subnational placement, geographic origin, ethnic identity, population continuity, migration route, or population frequency."
"Scored focused contract country membership","024","R_M458_EE_RUSSIA_TO_BALKAN","R-M458","R-M458","Matched R1a positive comparator","source","Eastern Europe/Russia","Focused roll-up region mask","east_europe;east_europe_plus_russia","HUN","Included in the scored mask.","Calibrates the positive matched-comparator envelope while exposing branch-scale sensitivity.","tables/26_benchmark_audit_card_matrix.csv; source_data/core_yfull/source_receiver_highlight_contracts.csv; audited country-code recode used for the core YFull source bundle","Country-code membership for a predefined model-checking mask only; not subnational placement, geographic origin, ethnic identity, population continuity, migration route, or population frequency."
"Scored focused contract country membership","025","R_M458_EE_RUSSIA_TO_BALKAN","R-M458","R-M458","Matched R1a positive comparator","source","Eastern Europe/Russia","Focused roll-up region mask","east_europe;east_europe_plus_russia","LTU","Included in the scored mask.","Calibrates the positive matched-comparator envelope while exposing branch-scale sensitivity.","tables/26_benchmark_audit_card_matrix.csv; source_data/core_yfull/source_receiver_highlight_contracts.csv; audited country-code recode used for the core YFull source bundle","Country-code membership for a predefined model-checking mask only; not subnational placement, geographic origin, ethnic identity, population continuity, migration route, or population frequency."
"Scored focused contract country membership","026","R_M458_EE_RUSSIA_TO_BALKAN","R-M458","R-M458","Matched R1a positive comparator","source","Eastern Europe/Russia","Focused roll-up region mask","east_europe;east_europe_plus_russia","LVA","Included in the scored mask.","Calibrates the positive matched-comparator envelope while exposing branch-scale sensitivity.","tables/26_benchmark_audit_card_matrix.csv; source_data/core_yfull/source_receiver_highlight_contracts.csv; audited country-code recode used for the core YFull source bundle","Country-code membership for a predefined model-checking mask only; not subnational placement, geographic origin, ethnic identity, population continuity, migration route, or population frequency."
"Scored focused contract country membership","027","R_M458_EE_RUSSIA_TO_BALKAN","R-M458","R-M458","Matched R1a positive comparator","source","Eastern Europe/Russia","Focused roll-up region mask","east_europe;east_europe_plus_russia","MDA","Included in the scored mask.","Calibrates the positive matched-comparator envelope while exposing branch-scale sensitivity.","tables/26_benchmark_audit_card_matrix.csv; source_data/core_yfull/source_receiver_highlight_contracts.csv; audited country-code recode used for the core YFull source bundle","Country-code membership for a predefined model-checking mask only; not subnational placement, geographic origin, ethnic identity, population continuity, migration route, or population frequency."
"Scored focused contract country membership","028","R_M458_EE_RUSSIA_TO_BALKAN","R-M458","R-M458","Matched R1a positive comparator","source","Eastern Europe/Russia","Focused roll-up region mask","east_europe;east_europe_plus_russia","POL","Included in the scored mask.","Calibrates the positive matched-comparator envelope while exposing branch-scale sensitivity.","tables/26_benchmark_audit_card_matrix.csv; source_data/core_yfull/source_receiver_highlight_contracts.csv; audited country-code recode used for the core YFull source bundle","Country-code membership for a predefined model-checking mask only; not subnational placement, geographic origin, ethnic identity, population continuity, migration route, or population frequency."
"Scored focused contract country membership","029","R_M458_EE_RUSSIA_TO_BALKAN","R-M458","R-M458","Matched R1a positive comparator","source","Eastern Europe/Russia","Focused roll-up region mask","east_europe;east_europe_plus_russia","RUS","Included in the scored mask when explicitly specified; evaluated in the conservative ambiguity audit.","Calibrates the positive matched-comparator envelope while exposing branch-scale sensitivity.","tables/26_benchmark_audit_card_matrix.csv; source_data/core_yfull/source_receiver_highlight_contracts.csv; audited country-code recode used for the core YFull source bundle","Country-code membership for a predefined model-checking mask only; not subnational placement, geographic origin, ethnic identity, population continuity, migration route, or population frequency."
"Scored focused contract country membership","030","R_M458_EE_RUSSIA_TO_BALKAN","R-M458","R-M458","Matched R1a positive comparator","source","Eastern Europe/Russia","Focused roll-up region mask","east_europe;east_europe_plus_russia","SVK","Included in the scored mask.","Calibrates the positive matched-comparator envelope while exposing branch-scale sensitivity.","tables/26_benchmark_audit_card_matrix.csv; source_data/core_yfull/source_receiver_highlight_contracts.csv; audited country-code recode used for the core YFull source bundle","Country-code membership for a predefined model-checking mask only; not subnational placement, geographic origin, ethnic identity, population continuity, migration route, or population frequency."
"Scored focused contract country membership","031","R_M458_EE_RUSSIA_TO_BALKAN","R-M458","R-M458","Matched R1a positive comparator","source","Eastern Europe/Russia","Focused roll-up region mask","east_europe;east_europe_plus_russia","UKR","Included in the scored mask.","Calibrates the positive matched-comparator envelope while exposing branch-scale sensitivity.","tables/26_benchmark_audit_card_matrix.csv; source_data/core_yfull/source_receiver_highlight_contracts.csv; audited country-code recode used for the core YFull source bundle","Country-code membership for a predefined model-checking mask only; not subnational placement, geographic origin, ethnic identity, population continuity, migration route, or population frequency."
"Scored focused contract country membership","032","R_M458_EE_RUSSIA_TO_BALKAN","R-M458","R-M458","Matched R1a positive comparator","receiver","Balkans","Focused roll-up region mask","balkan","ALB","Included in the scored mask.","Calibrates the positive matched-comparator envelope while exposing branch-scale sensitivity.","tables/26_benchmark_audit_card_matrix.csv; source_data/core_yfull/source_receiver_highlight_contracts.csv; audited country-code recode used for the core YFull source bundle","Country-code membership for a predefined model-checking mask only; not subnational placement, geographic origin, ethnic identity, population continuity, migration route, or population frequency."
"Scored focused contract country membership","033","R_M458_EE_RUSSIA_TO_BALKAN","R-M458","R-M458","Matched R1a positive comparator","receiver","Balkans","Focused roll-up region mask","balkan","BGR","Included in the scored mask.","Calibrates the positive matched-comparator envelope while exposing branch-scale sensitivity.","tables/26_benchmark_audit_card_matrix.csv; source_data/core_yfull/source_receiver_highlight_contracts.csv; audited country-code recode used for the core YFull source bundle","Country-code membership for a predefined model-checking mask only; not subnational placement, geographic origin, ethnic identity, population continuity, migration route, or population frequency."
"Scored focused contract country membership","034","R_M458_EE_RUSSIA_TO_BALKAN","R-M458","R-M458","Matched R1a positive comparator","receiver","Balkans","Focused roll-up region mask","balkan","BIH","Included in the scored mask.","Calibrates the positive matched-comparator envelope while exposing branch-scale sensitivity.","tables/26_benchmark_audit_card_matrix.csv; source_data/core_yfull/source_receiver_highlight_contracts.csv; audited country-code recode used for the core YFull source bundle","Country-code membership for a predefined model-checking mask only; not subnational placement, geographic origin, ethnic identity, population continuity, migration route, or population frequency."
"Scored focused contract country membership","035","R_M458_EE_RUSSIA_TO_BALKAN","R-M458","R-M458","Matched R1a positive comparator","receiver","Balkans","Focused roll-up region mask","balkan","GRC","Included in the scored mask.","Calibrates the positive matched-comparator envelope while exposing branch-scale sensitivity.","tables/26_benchmark_audit_card_matrix.csv; source_data/core_yfull/source_receiver_highlight_contracts.csv; audited country-code recode used for the core YFull source bundle","Country-code membership for a predefined model-checking mask only; not subnational placement, geographic origin, ethnic identity, population continuity, migration route, or population frequency."
"Scored focused contract country membership","036","R_M458_EE_RUSSIA_TO_BALKAN","R-M458","R-M458","Matched R1a positive comparator","receiver","Balkans","Focused roll-up region mask","balkan","HRV","Included in the scored mask.","Calibrates the positive matched-comparator envelope while exposing branch-scale sensitivity.","tables/26_benchmark_audit_card_matrix.csv; source_data/core_yfull/source_receiver_highlight_contracts.csv; audited country-code recode used for the core YFull source bundle","Country-code membership for a predefined model-checking mask only; not subnational placement, geographic origin, ethnic identity, population continuity, migration route, or population frequency."
"Scored focused contract country membership","037","R_M458_EE_RUSSIA_TO_BALKAN","R-M458","R-M458","Matched R1a positive comparator","receiver","Balkans","Focused roll-up region mask","balkan","MKD","Included in the scored mask.","Calibrates the positive matched-comparator envelope while exposing branch-scale sensitivity.","tables/26_benchmark_audit_card_matrix.csv; source_data/core_yfull/source_receiver_highlight_contracts.csv; audited country-code recode used for the core YFull source bundle","Country-code membership for a predefined model-checking mask only; not subnational placement, geographic origin, ethnic identity, population continuity, migration route, or population frequency."
"Scored focused contract country membership","038","R_M458_EE_RUSSIA_TO_BALKAN","R-M458","R-M458","Matched R1a positive comparator","receiver","Balkans","Focused roll-up region mask","balkan","MNE","Included in the scored mask.","Calibrates the positive matched-comparator envelope while exposing branch-scale sensitivity.","tables/26_benchmark_audit_card_matrix.csv; source_data/core_yfull/source_receiver_highlight_contracts.csv; audited country-code recode used for the core YFull source bundle","Country-code membership for a predefined model-checking mask only; not subnational placement, geographic origin, ethnic identity, population continuity, migration route, or population frequency."
"Scored focused contract country membership","039","R_M458_EE_RUSSIA_TO_BALKAN","R-M458","R-M458","Matched R1a positive comparator","receiver","Balkans","Focused roll-up region mask","balkan","ROU","Included in the scored mask.","Calibrates the positive matched-comparator envelope while exposing branch-scale sensitivity.","tables/26_benchmark_audit_card_matrix.csv; source_data/core_yfull/source_receiver_highlight_contracts.csv; audited country-code recode used for the core YFull source bundle","Country-code membership for a predefined model-checking mask only; not subnational placement, geographic origin, ethnic identity, population continuity, migration route, or population frequency."
"Scored focused contract country membership","040","R_M458_EE_RUSSIA_TO_BALKAN","R-M458","R-M458","Matched R1a positive comparator","receiver","Balkans","Focused roll-up region mask","balkan","SRB","Included in the scored mask.","Calibrates the positive matched-comparator envelope while exposing branch-scale sensitivity.","tables/26_benchmark_audit_card_matrix.csv; source_data/core_yfull/source_receiver_highlight_contracts.csv; audited country-code recode used for the core YFull source bundle","Country-code membership for a predefined model-checking mask only; not subnational placement, geographic origin, ethnic identity, population continuity, migration route, or population frequency."
"Scored focused contract country membership","041","R_M458_EE_RUSSIA_TO_BALKAN","R-M458","R-M458","Matched R1a positive comparator","receiver","Balkans","Focused roll-up region mask","balkan","SVN","Included in the scored mask.","Calibrates the positive matched-comparator envelope while exposing branch-scale sensitivity.","tables/26_benchmark_audit_card_matrix.csv; source_data/core_yfull/source_receiver_highlight_contracts.csv; audited country-code recode used for the core YFull source bundle","Country-code membership for a predefined model-checking mask only; not subnational placement, geographic origin, ethnic identity, population continuity, migration route, or population frequency."
"Scored focused contract country membership","042","PH908_EE_RUSSIA_TO_BALKAN","PH908","I-PH908","Held-out target application","source","Eastern Europe/Russia","Focused roll-up region mask","east_europe;east_europe_plus_russia","BLR","Included in the scored mask.","Tests whether PH908 enters the predefined matched R1a-comparator envelope; it does not.","tables/26_benchmark_audit_card_matrix.csv; source_data/core_yfull/source_receiver_highlight_contracts.csv; audited country-code recode used for the core YFull source bundle","Country-code membership for a predefined model-checking mask only; not subnational placement, geographic origin, ethnic identity, population continuity, migration route, or population frequency."
"Scored focused contract country membership","043","PH908_EE_RUSSIA_TO_BALKAN","PH908","I-PH908","Held-out target application","source","Eastern Europe/Russia","Focused roll-up region mask","east_europe;east_europe_plus_russia","CZE","Included in the scored mask.","Tests whether PH908 enters the predefined matched R1a-comparator envelope; it does not.","tables/26_benchmark_audit_card_matrix.csv; source_data/core_yfull/source_receiver_highlight_contracts.csv; audited country-code recode used for the core YFull source bundle","Country-code membership for a predefined model-checking mask only; not subnational placement, geographic origin, ethnic identity, population continuity, migration route, or population frequency."
"Scored focused contract country membership","044","PH908_EE_RUSSIA_TO_BALKAN","PH908","I-PH908","Held-out target application","source","Eastern Europe/Russia","Focused roll-up region mask","east_europe;east_europe_plus_russia","HUN","Included in the scored mask.","Tests whether PH908 enters the predefined matched R1a-comparator envelope; it does not.","tables/26_benchmark_audit_card_matrix.csv; source_data/core_yfull/source_receiver_highlight_contracts.csv; audited country-code recode used for the core YFull source bundle","Country-code membership for a predefined model-checking mask only; not subnational placement, geographic origin, ethnic identity, population continuity, migration route, or population frequency."
"Scored focused contract country membership","045","PH908_EE_RUSSIA_TO_BALKAN","PH908","I-PH908","Held-out target application","source","Eastern Europe/Russia","Focused roll-up region mask","east_europe;east_europe_plus_russia","LTU","Included in the scored mask.","Tests whether PH908 enters the predefined matched R1a-comparator envelope; it does not.","tables/26_benchmark_audit_card_matrix.csv; source_data/core_yfull/source_receiver_highlight_contracts.csv; audited country-code recode used for the core YFull source bundle","Country-code membership for a predefined model-checking mask only; not subnational placement, geographic origin, ethnic identity, population continuity, migration route, or population frequency."
"Scored focused contract country membership","046","PH908_EE_RUSSIA_TO_BALKAN","PH908","I-PH908","Held-out target application","source","Eastern Europe/Russia","Focused roll-up region mask","east_europe;east_europe_plus_russia","MDA","Included in the scored mask.","Tests whether PH908 enters the predefined matched R1a-comparator envelope; it does not.","tables/26_benchmark_audit_card_matrix.csv; source_data/core_yfull/source_receiver_highlight_contracts.csv; audited country-code recode used for the core YFull source bundle","Country-code membership for a predefined model-checking mask only; not subnational placement, geographic origin, ethnic identity, population continuity, migration route, or population frequency."
"Scored focused contract country membership","047","PH908_EE_RUSSIA_TO_BALKAN","PH908","I-PH908","Held-out target application","source","Eastern Europe/Russia","Focused roll-up region mask","east_europe;east_europe_plus_russia","POL","Included in the scored mask.","Tests whether PH908 enters the predefined matched R1a-comparator envelope; it does not.","tables/26_benchmark_audit_card_matrix.csv; source_data/core_yfull/source_receiver_highlight_contracts.csv; audited country-code recode used for the core YFull source bundle","Country-code membership for a predefined model-checking mask only; not subnational placement, geographic origin, ethnic identity, population continuity, migration route, or population frequency."
"Scored focused contract country membership","048","PH908_EE_RUSSIA_TO_BALKAN","PH908","I-PH908","Held-out target application","source","Eastern Europe/Russia","Focused roll-up region mask","east_europe;east_europe_plus_russia","RUS","Included in the scored mask when explicitly specified; evaluated in the conservative ambiguity audit.","Tests whether PH908 enters the predefined matched R1a-comparator envelope; it does not.","tables/26_benchmark_audit_card_matrix.csv; source_data/core_yfull/source_receiver_highlight_contracts.csv; audited country-code recode used for the core YFull source bundle","Country-code membership for a predefined model-checking mask only; not subnational placement, geographic origin, ethnic identity, population continuity, migration route, or population frequency."
"Scored focused contract country membership","049","PH908_EE_RUSSIA_TO_BALKAN","PH908","I-PH908","Held-out target application","source","Eastern Europe/Russia","Focused roll-up region mask","east_europe;east_europe_plus_russia","SVK","Included in the scored mask.","Tests whether PH908 enters the predefined matched R1a-comparator envelope; it does not.","tables/26_benchmark_audit_card_matrix.csv; source_data/core_yfull/source_receiver_highlight_contracts.csv; audited country-code recode used for the core YFull source bundle","Country-code membership for a predefined model-checking mask only; not subnational placement, geographic origin, ethnic identity, population continuity, migration route, or population frequency."
"Scored focused contract country membership","050","PH908_EE_RUSSIA_TO_BALKAN","PH908","I-PH908","Held-out target application","source","Eastern Europe/Russia","Focused roll-up region mask","east_europe;east_europe_plus_russia","UKR","Included in the scored mask.","Tests whether PH908 enters the predefined matched R1a-comparator envelope; it does not.","tables/26_benchmark_audit_card_matrix.csv; source_data/core_yfull/source_receiver_highlight_contracts.csv; audited country-code recode used for the core YFull source bundle","Country-code membership for a predefined model-checking mask only; not subnational placement, geographic origin, ethnic identity, population continuity, migration route, or population frequency."
"Scored focused contract country membership","051","PH908_EE_RUSSIA_TO_BALKAN","PH908","I-PH908","Held-out target application","receiver","Balkans","Focused roll-up region mask","balkan","ALB","Included in the scored mask.","Tests whether PH908 enters the predefined matched R1a-comparator envelope; it does not.","tables/26_benchmark_audit_card_matrix.csv; source_data/core_yfull/source_receiver_highlight_contracts.csv; audited country-code recode used for the core YFull source bundle","Country-code membership for a predefined model-checking mask only; not subnational placement, geographic origin, ethnic identity, population continuity, migration route, or population frequency."
"Scored focused contract country membership","052","PH908_EE_RUSSIA_TO_BALKAN","PH908","I-PH908","Held-out target application","receiver","Balkans","Focused roll-up region mask","balkan","BGR","Included in the scored mask.","Tests whether PH908 enters the predefined matched R1a-comparator envelope; it does not.","tables/26_benchmark_audit_card_matrix.csv; source_data/core_yfull/source_receiver_highlight_contracts.csv; audited country-code recode used for the core YFull source bundle","Country-code membership for a predefined model-checking mask only; not subnational placement, geographic origin, ethnic identity, population continuity, migration route, or population frequency."
"Scored focused contract country membership","053","PH908_EE_RUSSIA_TO_BALKAN","PH908","I-PH908","Held-out target application","receiver","Balkans","Focused roll-up region mask","balkan","BIH","Included in the scored mask.","Tests whether PH908 enters the predefined matched R1a-comparator envelope; it does not.","tables/26_benchmark_audit_card_matrix.csv; source_data/core_yfull/source_receiver_highlight_contracts.csv; audited country-code recode used for the core YFull source bundle","Country-code membership for a predefined model-checking mask only; not subnational placement, geographic origin, ethnic identity, population continuity, migration route, or population frequency."
"Scored focused contract country membership","054","PH908_EE_RUSSIA_TO_BALKAN","PH908","I-PH908","Held-out target application","receiver","Balkans","Focused roll-up region mask","balkan","GRC","Included in the scored mask.","Tests whether PH908 enters the predefined matched R1a-comparator envelope; it does not.","tables/26_benchmark_audit_card_matrix.csv; source_data/core_yfull/source_receiver_highlight_contracts.csv; audited country-code recode used for the core YFull source bundle","Country-code membership for a predefined model-checking mask only; not subnational placement, geographic origin, ethnic identity, population continuity, migration route, or population frequency."
"Scored focused contract country membership","055","PH908_EE_RUSSIA_TO_BALKAN","PH908","I-PH908","Held-out target application","receiver","Balkans","Focused roll-up region mask","balkan","HRV","Included in the scored mask.","Tests whether PH908 enters the predefined matched R1a-comparator envelope; it does not.","tables/26_benchmark_audit_card_matrix.csv; source_data/core_yfull/source_receiver_highlight_contracts.csv; audited country-code recode used for the core YFull source bundle","Country-code membership for a predefined model-checking mask only; not subnational placement, geographic origin, ethnic identity, population continuity, migration route, or population frequency."
"Scored focused contract country membership","056","PH908_EE_RUSSIA_TO_BALKAN","PH908","I-PH908","Held-out target application","receiver","Balkans","Focused roll-up region mask","balkan","MKD","Included in the scored mask.","Tests whether PH908 enters the predefined matched R1a-comparator envelope; it does not.","tables/26_benchmark_audit_card_matrix.csv; source_data/core_yfull/source_receiver_highlight_contracts.csv; audited country-code recode used for the core YFull source bundle","Country-code membership for a predefined model-checking mask only; not subnational placement, geographic origin, ethnic identity, population continuity, migration route, or population frequency."
"Scored focused contract country membership","057","PH908_EE_RUSSIA_TO_BALKAN","PH908","I-PH908","Held-out target application","receiver","Balkans","Focused roll-up region mask","balkan","MNE","Included in the scored mask.","Tests whether PH908 enters the predefined matched R1a-comparator envelope; it does not.","tables/26_benchmark_audit_card_matrix.csv; source_data/core_yfull/source_receiver_highlight_contracts.csv; audited country-code recode used for the core YFull source bundle","Country-code membership for a predefined model-checking mask only; not subnational placement, geographic origin, ethnic identity, population continuity, migration route, or population frequency."
"Scored focused contract country membership","058","PH908_EE_RUSSIA_TO_BALKAN","PH908","I-PH908","Held-out target application","receiver","Balkans","Focused roll-up region mask","balkan","ROU","Included in the scored mask.","Tests whether PH908 enters the predefined matched R1a-comparator envelope; it does not.","tables/26_benchmark_audit_card_matrix.csv; source_data/core_yfull/source_receiver_highlight_contracts.csv; audited country-code recode used for the core YFull source bundle","Country-code membership for a predefined model-checking mask only; not subnational placement, geographic origin, ethnic identity, population continuity, migration route, or population frequency."
"Scored focused contract country membership","059","PH908_EE_RUSSIA_TO_BALKAN","PH908","I-PH908","Held-out target application","receiver","Balkans","Focused roll-up region mask","balkan","SRB","Included in the scored mask.","Tests whether PH908 enters the predefined matched R1a-comparator envelope; it does not.","tables/26_benchmark_audit_card_matrix.csv; source_data/core_yfull/source_receiver_highlight_contracts.csv; audited country-code recode used for the core YFull source bundle","Country-code membership for a predefined model-checking mask only; not subnational placement, geographic origin, ethnic identity, population continuity, migration route, or population frequency."
"Scored focused contract country membership","060","E_M81_NORTH_AFRICA_TO_WEST_EUROPE","E-M81","E-M81","Supporting non-target comparison","source","North Africa/Maghreb","Focused roll-up region mask","north_africa","DZA","Included in the scored mask.","Provides a supporting non-target comparison under an independent source-receiver context.","tables/26_benchmark_audit_card_matrix.csv; source_data/core_yfull/source_receiver_highlight_contracts.csv; audited country-code recode used for the core YFull source bundle","Country-code membership for a predefined model-checking mask only; not subnational placement, geographic origin, ethnic identity, population continuity, migration route, or population frequency."
"Scored focused contract country membership","061","E_M81_NORTH_AFRICA_TO_WEST_EUROPE","E-M81","E-M81","Supporting non-target comparison","source","North Africa/Maghreb","Focused roll-up region mask","north_africa","EGY","Included in the scored mask when explicitly specified; evaluated in the conservative ambiguity audit.","Provides a supporting non-target comparison under an independent source-receiver context.","tables/26_benchmark_audit_card_matrix.csv; source_data/core_yfull/source_receiver_highlight_contracts.csv; audited country-code recode used for the core YFull source bundle","Country-code membership for a predefined model-checking mask only; not subnational placement, geographic origin, ethnic identity, population continuity, migration route, or population frequency."
"Scored focused contract country membership","062","E_M81_NORTH_AFRICA_TO_WEST_EUROPE","E-M81","E-M81","Supporting non-target comparison","source","North Africa/Maghreb","Focused roll-up region mask","north_africa","ESH","Included in the scored mask.","Provides a supporting non-target comparison under an independent source-receiver context.","tables/26_benchmark_audit_card_matrix.csv; source_data/core_yfull/source_receiver_highlight_contracts.csv; audited country-code recode used for the core YFull source bundle","Country-code membership for a predefined model-checking mask only; not subnational placement, geographic origin, ethnic identity, population continuity, migration route, or population frequency."
"Scored focused contract country membership","063","E_M81_NORTH_AFRICA_TO_WEST_EUROPE","E-M81","E-M81","Supporting non-target comparison","source","North Africa/Maghreb","Focused roll-up region mask","north_africa","LBY","Included in the scored mask.","Provides a supporting non-target comparison under an independent source-receiver context.","tables/26_benchmark_audit_card_matrix.csv; source_data/core_yfull/source_receiver_highlight_contracts.csv; audited country-code recode used for the core YFull source bundle","Country-code membership for a predefined model-checking mask only; not subnational placement, geographic origin, ethnic identity, population continuity, migration route, or population frequency."
"Scored focused contract country membership","064","E_M81_NORTH_AFRICA_TO_WEST_EUROPE","E-M81","E-M81","Supporting non-target comparison","source","North Africa/Maghreb","Focused roll-up region mask","north_africa","MAR","Included in the scored mask.","Provides a supporting non-target comparison under an independent source-receiver context.","tables/26_benchmark_audit_card_matrix.csv; source_data/core_yfull/source_receiver_highlight_contracts.csv; audited country-code recode used for the core YFull source bundle","Country-code membership for a predefined model-checking mask only; not subnational placement, geographic origin, ethnic identity, population continuity, migration route, or population frequency."
"Scored focused contract country membership","065","E_M81_NORTH_AFRICA_TO_WEST_EUROPE","E-M81","E-M81","Supporting non-target comparison","source","North Africa/Maghreb","Focused roll-up region mask","north_africa","MRT","Included in the scored mask.","Provides a supporting non-target comparison under an independent source-receiver context.","tables/26_benchmark_audit_card_matrix.csv; source_data/core_yfull/source_receiver_highlight_contracts.csv; audited country-code recode used for the core YFull source bundle","Country-code membership for a predefined model-checking mask only; not subnational placement, geographic origin, ethnic identity, population continuity, migration route, or population frequency."
"Scored focused contract country membership","066","E_M81_NORTH_AFRICA_TO_WEST_EUROPE","E-M81","E-M81","Supporting non-target comparison","source","North Africa/Maghreb","Focused roll-up region mask","north_africa","TUN","Included in the scored mask.","Provides a supporting non-target comparison under an independent source-receiver context.","tables/26_benchmark_audit_card_matrix.csv; source_data/core_yfull/source_receiver_highlight_contracts.csv; audited country-code recode used for the core YFull source bundle","Country-code membership for a predefined model-checking mask only; not subnational placement, geographic origin, ethnic identity, population continuity, migration route, or population frequency."
"Scored focused contract country membership","067","E_M81_NORTH_AFRICA_TO_WEST_EUROPE","E-M81","E-M81","Supporting non-target comparison","receiver","Western Europe","Focused roll-up region mask","west_europe","BEL","Included in the scored mask.","Provides a supporting non-target comparison under an independent source-receiver context.","tables/26_benchmark_audit_card_matrix.csv; source_data/core_yfull/source_receiver_highlight_contracts.csv; audited country-code recode used for the core YFull source bundle","Country-code membership for a predefined model-checking mask only; not subnational placement, geographic origin, ethnic identity, population continuity, migration route, or population frequency."
"Scored focused contract country membership","068","E_M81_NORTH_AFRICA_TO_WEST_EUROPE","E-M81","E-M81","Supporting non-target comparison","receiver","Western Europe","Focused roll-up region mask","west_europe","DEU","Included in the scored mask.","Provides a supporting non-target comparison under an independent source-receiver context.","tables/26_benchmark_audit_card_matrix.csv; source_data/core_yfull/source_receiver_highlight_contracts.csv; audited country-code recode used for the core YFull source bundle","Country-code membership for a predefined model-checking mask only; not subnational placement, geographic origin, ethnic identity, population continuity, migration route, or population frequency."
"Scored focused contract country membership","069","E_M81_NORTH_AFRICA_TO_WEST_EUROPE","E-M81","E-M81","Supporting non-target comparison","receiver","Western Europe","Focused roll-up region mask","west_europe","ENG","Included in the scored mask.","Provides a supporting non-target comparison under an independent source-receiver context.","tables/26_benchmark_audit_card_matrix.csv; source_data/core_yfull/source_receiver_highlight_contracts.csv; audited country-code recode used for the core YFull source bundle","Country-code membership for a predefined model-checking mask only; not subnational placement, geographic origin, ethnic identity, population continuity, migration route, or population frequency."
"Scored focused contract country membership","070","E_M81_NORTH_AFRICA_TO_WEST_EUROPE","E-M81","E-M81","Supporting non-target comparison","receiver","Western Europe","Focused roll-up region mask","west_europe","ESP","Included in the scored mask.","Provides a supporting non-target comparison under an independent source-receiver context.","tables/26_benchmark_audit_card_matrix.csv; source_data/core_yfull/source_receiver_highlight_contracts.csv; audited country-code recode used for the core YFull source bundle","Country-code membership for a predefined model-checking mask only; not subnational placement, geographic origin, ethnic identity, population continuity, migration route, or population frequency."
"Scored focused contract country membership","071","E_M81_NORTH_AFRICA_TO_WEST_EUROPE","E-M81","E-M81","Supporting non-target comparison","receiver","Western Europe","Focused roll-up region mask","west_europe","FRA","Included in the scored mask.","Provides a supporting non-target comparison under an independent source-receiver context.","tables/26_benchmark_audit_card_matrix.csv; source_data/core_yfull/source_receiver_highlight_contracts.csv; audited country-code recode used for the core YFull source bundle","Country-code membership for a predefined model-checking mask only; not subnational placement, geographic origin, ethnic identity, population continuity, migration route, or population frequency."
"Scored focused contract country membership","072","E_M81_NORTH_AFRICA_TO_WEST_EUROPE","E-M81","E-M81","Supporting non-target comparison","receiver","Western Europe","Focused roll-up region mask","west_europe","GBR","Included in the scored mask.","Provides a supporting non-target comparison under an independent source-receiver context.","tables/26_benchmark_audit_card_matrix.csv; source_data/core_yfull/source_receiver_highlight_contracts.csv; audited country-code recode used for the core YFull source bundle","Country-code membership for a predefined model-checking mask only; not subnational placement, geographic origin, ethnic identity, population continuity, migration route, or population frequency."
"Scored focused contract country membership","073","E_M81_NORTH_AFRICA_TO_WEST_EUROPE","E-M81","E-M81","Supporting non-target comparison","receiver","Western Europe","Focused roll-up region mask","west_europe","IRL","Included in the scored mask.","Provides a supporting non-target comparison under an independent source-receiver context.","tables/26_benchmark_audit_card_matrix.csv; source_data/core_yfull/source_receiver_highlight_contracts.csv; audited country-code recode used for the core YFull source bundle","Country-code membership for a predefined model-checking mask only; not subnational placement, geographic origin, ethnic identity, population continuity, migration route, or population frequency."
"Scored focused contract country membership","074","E_M81_NORTH_AFRICA_TO_WEST_EUROPE","E-M81","E-M81","Supporting non-target comparison","receiver","Western Europe","Focused roll-up region mask","west_europe","ITA","Included in the scored mask.","Provides a supporting non-target comparison under an independent source-receiver context.","tables/26_benchmark_audit_card_matrix.csv; source_data/core_yfull/source_receiver_highlight_contracts.csv; audited country-code recode used for the core YFull source bundle","Country-code membership for a predefined model-checking mask only; not subnational placement, geographic origin, ethnic identity, population continuity, migration route, or population frequency."
"Scored focused contract country membership","075","E_M81_NORTH_AFRICA_TO_WEST_EUROPE","E-M81","E-M81","Supporting non-target comparison","receiver","Western Europe","Focused roll-up region mask","west_europe","PRT","Included in the scored mask.","Provides a supporting non-target comparison under an independent source-receiver context.","tables/26_benchmark_audit_card_matrix.csv; source_data/core_yfull/source_receiver_highlight_contracts.csv; audited country-code recode used for the core YFull source bundle","Country-code membership for a predefined model-checking mask only; not subnational placement, geographic origin, ethnic identity, population continuity, migration route, or population frequency."
"Scored focused contract country membership","076","E_M81_NORTH_AFRICA_TO_WEST_EUROPE","E-M81","E-M81","Supporting non-target comparison","receiver","Western Europe","Focused roll-up region mask","west_europe","SCT","Included in the scored mask.","Provides a supporting non-target comparison under an independent source-receiver context.","tables/26_benchmark_audit_card_matrix.csv; source_data/core_yfull/source_receiver_highlight_contracts.csv; audited country-code recode used for the core YFull source bundle","Country-code membership for a predefined model-checking mask only; not subnational placement, geographic origin, ethnic identity, population continuity, migration route, or population frequency."
"Scored focused contract country membership","077","J_P58_ARABIA_TO_NORTH_AFRICA","J-P58","J-P58","Supporting non-target comparison","source","Arabia/West Asia","Focused fine-region mask","arabia","BHR","Included in the scored mask.","Provides a supporting non-target comparison within the stated J-M267/J1 context.","tables/26_benchmark_audit_card_matrix.csv; source_data/core_yfull/source_receiver_highlight_contracts.csv; audited country-code recode used for the core YFull source bundle","Country-code membership for a predefined model-checking mask only; not subnational placement, geographic origin, ethnic identity, population continuity, migration route, or population frequency."
"Scored focused contract country membership","078","J_P58_ARABIA_TO_NORTH_AFRICA","J-P58","J-P58","Supporting non-target comparison","source","Arabia/West Asia","Focused fine-region mask","arabia","KWT","Included in the scored mask.","Provides a supporting non-target comparison within the stated J-M267/J1 context.","tables/26_benchmark_audit_card_matrix.csv; source_data/core_yfull/source_receiver_highlight_contracts.csv; audited country-code recode used for the core YFull source bundle","Country-code membership for a predefined model-checking mask only; not subnational placement, geographic origin, ethnic identity, population continuity, migration route, or population frequency."
"Scored focused contract country membership","079","J_P58_ARABIA_TO_NORTH_AFRICA","J-P58","J-P58","Supporting non-target comparison","source","Arabia/West Asia","Focused fine-region mask","arabia","OMN","Included in the scored mask.","Provides a supporting non-target comparison within the stated J-M267/J1 context.","tables/26_benchmark_audit_card_matrix.csv; source_data/core_yfull/source_receiver_highlight_contracts.csv; audited country-code recode used for the core YFull source bundle","Country-code membership for a predefined model-checking mask only; not subnational placement, geographic origin, ethnic identity, population continuity, migration route, or population frequency."
"Scored focused contract country membership","080","J_P58_ARABIA_TO_NORTH_AFRICA","J-P58","J-P58","Supporting non-target comparison","source","Arabia/West Asia","Focused fine-region mask","arabia","QAT","Included in the scored mask.","Provides a supporting non-target comparison within the stated J-M267/J1 context.","tables/26_benchmark_audit_card_matrix.csv; source_data/core_yfull/source_receiver_highlight_contracts.csv; audited country-code recode used for the core YFull source bundle","Country-code membership for a predefined model-checking mask only; not subnational placement, geographic origin, ethnic identity, population continuity, migration route, or population frequency."
"Scored focused contract country membership","081","J_P58_ARABIA_TO_NORTH_AFRICA","J-P58","J-P58","Supporting non-target comparison","source","Arabia/West Asia","Focused fine-region mask","arabia","SAU","Included in the scored mask.","Provides a supporting non-target comparison within the stated J-M267/J1 context.","tables/26_benchmark_audit_card_matrix.csv; source_data/core_yfull/source_receiver_highlight_contracts.csv; audited country-code recode used for the core YFull source bundle","Country-code membership for a predefined model-checking mask only; not subnational placement, geographic origin, ethnic identity, population continuity, migration route, or population frequency."
"Scored focused contract country membership","082","J_P58_ARABIA_TO_NORTH_AFRICA","J-P58","J-P58","Supporting non-target comparison","source","Arabia/West Asia","Focused fine-region mask","arabia","UAE","Included in the scored mask.","Provides a supporting non-target comparison within the stated J-M267/J1 context.","tables/26_benchmark_audit_card_matrix.csv; source_data/core_yfull/source_receiver_highlight_contracts.csv; audited country-code recode used for the core YFull source bundle","Country-code membership for a predefined model-checking mask only; not subnational placement, geographic origin, ethnic identity, population continuity, migration route, or population frequency."
"Scored focused contract country membership","083","J_P58_ARABIA_TO_NORTH_AFRICA","J-P58","J-P58","Supporting non-target comparison","source","Arabia/West Asia","Focused fine-region mask","arabia","YEM","Included in the scored mask.","Provides a supporting non-target comparison within the stated J-M267/J1 context.","tables/26_benchmark_audit_card_matrix.csv; source_data/core_yfull/source_receiver_highlight_contracts.csv; audited country-code recode used for the core YFull source bundle","Country-code membership for a predefined model-checking mask only; not subnational placement, geographic origin, ethnic identity, population continuity, migration route, or population frequency."
"Scored focused contract country membership","084","J_P58_ARABIA_TO_NORTH_AFRICA","J-P58","J-P58","Supporting non-target comparison","receiver","North Africa/Maghreb","Focused fine-region mask","north_africa","DZA","Included in the scored mask.","Provides a supporting non-target comparison within the stated J-M267/J1 context.","tables/26_benchmark_audit_card_matrix.csv; source_data/core_yfull/source_receiver_highlight_contracts.csv; audited country-code recode used for the core YFull source bundle","Country-code membership for a predefined model-checking mask only; not subnational placement, geographic origin, ethnic identity, population continuity, migration route, or population frequency."
"Scored focused contract country membership","085","J_P58_ARABIA_TO_NORTH_AFRICA","J-P58","J-P58","Supporting non-target comparison","receiver","North Africa/Maghreb","Focused fine-region mask","north_africa","EGY","Included in the scored mask when explicitly specified; evaluated in the conservative ambiguity audit.","Provides a supporting non-target comparison within the stated J-M267/J1 context.","tables/26_benchmark_audit_card_matrix.csv; source_data/core_yfull/source_receiver_highlight_contracts.csv; audited country-code recode used for the core YFull source bundle","Country-code membership for a predefined model-checking mask only; not subnational placement, geographic origin, ethnic identity, population continuity, migration route, or population frequency."
"Scored focused contract country membership","086","J_P58_ARABIA_TO_NORTH_AFRICA","J-P58","J-P58","Supporting non-target comparison","receiver","North Africa/Maghreb","Focused fine-region mask","north_africa","LBY","Included in the scored mask.","Provides a supporting non-target comparison within the stated J-M267/J1 context.","tables/26_benchmark_audit_card_matrix.csv; source_data/core_yfull/source_receiver_highlight_contracts.csv; audited country-code recode used for the core YFull source bundle","Country-code membership for a predefined model-checking mask only; not subnational placement, geographic origin, ethnic identity, population continuity, migration route, or population frequency."
"Scored focused contract country membership","087","J_P58_ARABIA_TO_NORTH_AFRICA","J-P58","J-P58","Supporting non-target comparison","receiver","North Africa/Maghreb","Focused fine-region mask","north_africa","MAR","Included in the scored mask.","Provides a supporting non-target comparison within the stated J-M267/J1 context.","tables/26_benchmark_audit_card_matrix.csv; source_data/core_yfull/source_receiver_highlight_contracts.csv; audited country-code recode used for the core YFull source bundle","Country-code membership for a predefined model-checking mask only; not subnational placement, geographic origin, ethnic identity, population continuity, migration route, or population frequency."
"Scored focused contract country membership","088","J_P58_ARABIA_TO_NORTH_AFRICA","J-P58","J-P58","Supporting non-target comparison","receiver","North Africa/Maghreb","Focused fine-region mask","north_africa","MRT","Included in the scored mask.","Provides a supporting non-target comparison within the stated J-M267/J1 context.","tables/26_benchmark_audit_card_matrix.csv; source_data/core_yfull/source_receiver_highlight_contracts.csv; audited country-code recode used for the core YFull source bundle","Country-code membership for a predefined model-checking mask only; not subnational placement, geographic origin, ethnic identity, population continuity, migration route, or population frequency."
"Scored focused contract country membership","089","J_P58_ARABIA_TO_NORTH_AFRICA","J-P58","J-P58","Supporting non-target comparison","receiver","North Africa/Maghreb","Focused fine-region mask","north_africa","TUN","Included in the scored mask.","Provides a supporting non-target comparison within the stated J-M267/J1 context.","tables/26_benchmark_audit_card_matrix.csv; source_data/core_yfull/source_receiver_highlight_contracts.csv; audited country-code recode used for the core YFull source bundle","Country-code membership for a predefined model-checking mask only; not subnational placement, geographic origin, ethnic identity, population continuity, migration route, or population frequency."
"Scored focused contract country membership","090","O_M119_EAST_ASIA_TO_SE_ASIA","O-M119","O-M119","Support-only diagnostic card","source","East Asia","Focused roll-up region mask","east_asia","CHN","Included in the scored mask.","Demonstrates demotion of deepest-layer compatibility when branch-unit checks do not support promotion.","tables/26_benchmark_audit_card_matrix.csv; source_data/core_yfull/source_receiver_highlight_contracts.csv; audited country-code recode used for the core YFull source bundle","Country-code membership for a predefined model-checking mask only; not subnational placement, geographic origin, ethnic identity, population continuity, migration route, or population frequency."
"Scored focused contract country membership","091","O_M119_EAST_ASIA_TO_SE_ASIA","O-M119","O-M119","Support-only diagnostic card","source","East Asia","Focused roll-up region mask","east_asia","HKG","Included in the scored mask.","Demonstrates demotion of deepest-layer compatibility when branch-unit checks do not support promotion.","tables/26_benchmark_audit_card_matrix.csv; source_data/core_yfull/source_receiver_highlight_contracts.csv; audited country-code recode used for the core YFull source bundle","Country-code membership for a predefined model-checking mask only; not subnational placement, geographic origin, ethnic identity, population continuity, migration route, or population frequency."
"Scored focused contract country membership","092","O_M119_EAST_ASIA_TO_SE_ASIA","O-M119","O-M119","Support-only diagnostic card","source","East Asia","Focused roll-up region mask","east_asia","KOR","Included in the scored mask.","Demonstrates demotion of deepest-layer compatibility when branch-unit checks do not support promotion.","tables/26_benchmark_audit_card_matrix.csv; source_data/core_yfull/source_receiver_highlight_contracts.csv; audited country-code recode used for the core YFull source bundle","Country-code membership for a predefined model-checking mask only; not subnational placement, geographic origin, ethnic identity, population continuity, migration route, or population frequency."
"Scored focused contract country membership","093","O_M119_EAST_ASIA_TO_SE_ASIA","O-M119","O-M119","Support-only diagnostic card","source","East Asia","Focused roll-up region mask","east_asia","MAC","Included in the scored mask.","Demonstrates demotion of deepest-layer compatibility when branch-unit checks do not support promotion.","tables/26_benchmark_audit_card_matrix.csv; source_data/core_yfull/source_receiver_highlight_contracts.csv; audited country-code recode used for the core YFull source bundle","Country-code membership for a predefined model-checking mask only; not subnational placement, geographic origin, ethnic identity, population continuity, migration route, or population frequency."
"Scored focused contract country membership","094","O_M119_EAST_ASIA_TO_SE_ASIA","O-M119","O-M119","Support-only diagnostic card","receiver","Southeast Asia","Focused roll-up region mask","southeast_asia;island_southeast_asia","IDN","Included in the scored mask when explicitly specified; evaluated in the conservative ambiguity audit.","Demonstrates demotion of deepest-layer compatibility when branch-unit checks do not support promotion.","tables/26_benchmark_audit_card_matrix.csv; source_data/core_yfull/source_receiver_highlight_contracts.csv; audited country-code recode used for the core YFull source bundle","Country-code membership for a predefined model-checking mask only; not subnational placement, geographic origin, ethnic identity, population continuity, migration route, or population frequency."
"Scored focused contract country membership","095","O_M119_EAST_ASIA_TO_SE_ASIA","O-M119","O-M119","Support-only diagnostic card","receiver","Southeast Asia","Focused roll-up region mask","southeast_asia;island_southeast_asia","KHM","Included in the scored mask.","Demonstrates demotion of deepest-layer compatibility when branch-unit checks do not support promotion.","tables/26_benchmark_audit_card_matrix.csv; source_data/core_yfull/source_receiver_highlight_contracts.csv; audited country-code recode used for the core YFull source bundle","Country-code membership for a predefined model-checking mask only; not subnational placement, geographic origin, ethnic identity, population continuity, migration route, or population frequency."
"Scored focused contract country membership","096","O_M119_EAST_ASIA_TO_SE_ASIA","O-M119","O-M119","Support-only diagnostic card","receiver","Southeast Asia","Focused roll-up region mask","southeast_asia;island_southeast_asia","MYS","Included in the scored mask.","Demonstrates demotion of deepest-layer compatibility when branch-unit checks do not support promotion.","tables/26_benchmark_audit_card_matrix.csv; source_data/core_yfull/source_receiver_highlight_contracts.csv; audited country-code recode used for the core YFull source bundle","Country-code membership for a predefined model-checking mask only; not subnational placement, geographic origin, ethnic identity, population continuity, migration route, or population frequency."
"Scored focused contract country membership","097","O_M119_EAST_ASIA_TO_SE_ASIA","O-M119","O-M119","Support-only diagnostic card","receiver","Southeast Asia","Focused roll-up region mask","southeast_asia;island_southeast_asia","PHL","Included in the scored mask.","Demonstrates demotion of deepest-layer compatibility when branch-unit checks do not support promotion.","tables/26_benchmark_audit_card_matrix.csv; source_data/core_yfull/source_receiver_highlight_contracts.csv; audited country-code recode used for the core YFull source bundle","Country-code membership for a predefined model-checking mask only; not subnational placement, geographic origin, ethnic identity, population continuity, migration route, or population frequency."
"Scored focused contract country membership","098","O_M119_EAST_ASIA_TO_SE_ASIA","O-M119","O-M119","Support-only diagnostic card","receiver","Southeast Asia","Focused roll-up region mask","southeast_asia;island_southeast_asia","SGP","Included in the scored mask.","Demonstrates demotion of deepest-layer compatibility when branch-unit checks do not support promotion.","tables/26_benchmark_audit_card_matrix.csv; source_data/core_yfull/source_receiver_highlight_contracts.csv; audited country-code recode used for the core YFull source bundle","Country-code membership for a predefined model-checking mask only; not subnational placement, geographic origin, ethnic identity, population continuity, migration route, or population frequency."
"Scored focused contract country membership","099","O_M119_EAST_ASIA_TO_SE_ASIA","O-M119","O-M119","Support-only diagnostic card","receiver","Southeast Asia","Focused roll-up region mask","southeast_asia;island_southeast_asia","THA","Included in the scored mask.","Demonstrates demotion of deepest-layer compatibility when branch-unit checks do not support promotion.","tables/26_benchmark_audit_card_matrix.csv; source_data/core_yfull/source_receiver_highlight_contracts.csv; audited country-code recode used for the core YFull source bundle","Country-code membership for a predefined model-checking mask only; not subnational placement, geographic origin, ethnic identity, population continuity, migration route, or population frequency."
"Scored focused contract country membership","100","O_M119_EAST_ASIA_TO_SE_ASIA","O-M119","O-M119","Support-only diagnostic card","receiver","Southeast Asia","Focused roll-up region mask","southeast_asia;island_southeast_asia","TWN","Included in the scored mask.","Demonstrates demotion of deepest-layer compatibility when branch-unit checks do not support promotion.","tables/26_benchmark_audit_card_matrix.csv; source_data/core_yfull/source_receiver_highlight_contracts.csv; audited country-code recode used for the core YFull source bundle","Country-code membership for a predefined model-checking mask only; not subnational placement, geographic origin, ethnic identity, population continuity, migration route, or population frequency."
"Scored focused contract country membership","101","O_M119_EAST_ASIA_TO_SE_ASIA","O-M119","O-M119","Support-only diagnostic card","receiver","Southeast Asia","Focused roll-up region mask","southeast_asia;island_southeast_asia","VNM","Included in the scored mask.","Demonstrates demotion of deepest-layer compatibility when branch-unit checks do not support promotion.","tables/26_benchmark_audit_card_matrix.csv; source_data/core_yfull/source_receiver_highlight_contracts.csv; audited country-code recode used for the core YFull source bundle","Country-code membership for a predefined model-checking mask only; not subnational placement, geographic origin, ethnic identity, population continuity, migration route, or population frequency."
"Scored focused contract country membership","102","O_M122_EAST_ASIA_TO_SE_ASIA","O-M122","O-M122","Support-only diagnostic card","source","East Asia","Focused roll-up region mask","east_asia","CHN","Included in the scored mask.","Demonstrates demotion of deepest-layer compatibility when branch-unit checks do not support promotion.","tables/26_benchmark_audit_card_matrix.csv; source_data/core_yfull/source_receiver_highlight_contracts.csv; audited country-code recode used for the core YFull source bundle","Country-code membership for a predefined model-checking mask only; not subnational placement, geographic origin, ethnic identity, population continuity, migration route, or population frequency."
"Scored focused contract country membership","103","O_M122_EAST_ASIA_TO_SE_ASIA","O-M122","O-M122","Support-only diagnostic card","source","East Asia","Focused roll-up region mask","east_asia","JPN","Included in the scored mask.","Demonstrates demotion of deepest-layer compatibility when branch-unit checks do not support promotion.","tables/26_benchmark_audit_card_matrix.csv; source_data/core_yfull/source_receiver_highlight_contracts.csv; audited country-code recode used for the core YFull source bundle","Country-code membership for a predefined model-checking mask only; not subnational placement, geographic origin, ethnic identity, population continuity, migration route, or population frequency."
"Scored focused contract country membership","104","O_M122_EAST_ASIA_TO_SE_ASIA","O-M122","O-M122","Support-only diagnostic card","source","East Asia","Focused roll-up region mask","east_asia","KOR","Included in the scored mask.","Demonstrates demotion of deepest-layer compatibility when branch-unit checks do not support promotion.","tables/26_benchmark_audit_card_matrix.csv; source_data/core_yfull/source_receiver_highlight_contracts.csv; audited country-code recode used for the core YFull source bundle","Country-code membership for a predefined model-checking mask only; not subnational placement, geographic origin, ethnic identity, population continuity, migration route, or population frequency."
"Scored focused contract country membership","105","O_M122_EAST_ASIA_TO_SE_ASIA","O-M122","O-M122","Support-only diagnostic card","source","East Asia","Focused roll-up region mask","east_asia","MNG","Included in the scored mask.","Demonstrates demotion of deepest-layer compatibility when branch-unit checks do not support promotion.","tables/26_benchmark_audit_card_matrix.csv; source_data/core_yfull/source_receiver_highlight_contracts.csv; audited country-code recode used for the core YFull source bundle","Country-code membership for a predefined model-checking mask only; not subnational placement, geographic origin, ethnic identity, population continuity, migration route, or population frequency."
"Scored focused contract country membership","106","O_M122_EAST_ASIA_TO_SE_ASIA","O-M122","O-M122","Support-only diagnostic card","source","East Asia","Focused roll-up region mask","east_asia","PRK","Included in the scored mask.","Demonstrates demotion of deepest-layer compatibility when branch-unit checks do not support promotion.","tables/26_benchmark_audit_card_matrix.csv; source_data/core_yfull/source_receiver_highlight_contracts.csv; audited country-code recode used for the core YFull source bundle","Country-code membership for a predefined model-checking mask only; not subnational placement, geographic origin, ethnic identity, population continuity, migration route, or population frequency."
"Scored focused contract country membership","107","O_M122_EAST_ASIA_TO_SE_ASIA","O-M122","O-M122","Support-only diagnostic card","receiver","Southeast Asia","Focused roll-up region mask","southeast_asia;island_southeast_asia","IDN","Included in the scored mask when explicitly specified; evaluated in the conservative ambiguity audit.","Demonstrates demotion of deepest-layer compatibility when branch-unit checks do not support promotion.","tables/26_benchmark_audit_card_matrix.csv; source_data/core_yfull/source_receiver_highlight_contracts.csv; audited country-code recode used for the core YFull source bundle","Country-code membership for a predefined model-checking mask only; not subnational placement, geographic origin, ethnic identity, population continuity, migration route, or population frequency."
"Scored focused contract country membership","108","O_M122_EAST_ASIA_TO_SE_ASIA","O-M122","O-M122","Support-only diagnostic card","receiver","Southeast Asia","Focused roll-up region mask","southeast_asia;island_southeast_asia","KHM","Included in the scored mask.","Demonstrates demotion of deepest-layer compatibility when branch-unit checks do not support promotion.","tables/26_benchmark_audit_card_matrix.csv; source_data/core_yfull/source_receiver_highlight_contracts.csv; audited country-code recode used for the core YFull source bundle","Country-code membership for a predefined model-checking mask only; not subnational placement, geographic origin, ethnic identity, population continuity, migration route, or population frequency."
"Scored focused contract country membership","109","O_M122_EAST_ASIA_TO_SE_ASIA","O-M122","O-M122","Support-only diagnostic card","receiver","Southeast Asia","Focused roll-up region mask","southeast_asia;island_southeast_asia","MMR","Included in the scored mask.","Demonstrates demotion of deepest-layer compatibility when branch-unit checks do not support promotion.","tables/26_benchmark_audit_card_matrix.csv; source_data/core_yfull/source_receiver_highlight_contracts.csv; audited country-code recode used for the core YFull source bundle","Country-code membership for a predefined model-checking mask only; not subnational placement, geographic origin, ethnic identity, population continuity, migration route, or population frequency."
"Scored focused contract country membership","110","O_M122_EAST_ASIA_TO_SE_ASIA","O-M122","O-M122","Support-only diagnostic card","receiver","Southeast Asia","Focused roll-up region mask","southeast_asia;island_southeast_asia","MYS","Included in the scored mask.","Demonstrates demotion of deepest-layer compatibility when branch-unit checks do not support promotion.","tables/26_benchmark_audit_card_matrix.csv; source_data/core_yfull/source_receiver_highlight_contracts.csv; audited country-code recode used for the core YFull source bundle","Country-code membership for a predefined model-checking mask only; not subnational placement, geographic origin, ethnic identity, population continuity, migration route, or population frequency."
"Scored focused contract country membership","111","O_M122_EAST_ASIA_TO_SE_ASIA","O-M122","O-M122","Support-only diagnostic card","receiver","Southeast Asia","Focused roll-up region mask","southeast_asia;island_southeast_asia","PHL","Included in the scored mask.","Demonstrates demotion of deepest-layer compatibility when branch-unit checks do not support promotion.","tables/26_benchmark_audit_card_matrix.csv; source_data/core_yfull/source_receiver_highlight_contracts.csv; audited country-code recode used for the core YFull source bundle","Country-code membership for a predefined model-checking mask only; not subnational placement, geographic origin, ethnic identity, population continuity, migration route, or population frequency."
"Scored focused contract country membership","112","O_M122_EAST_ASIA_TO_SE_ASIA","O-M122","O-M122","Support-only diagnostic card","receiver","Southeast Asia","Focused roll-up region mask","southeast_asia;island_southeast_asia","SGP","Included in the scored mask.","Demonstrates demotion of deepest-layer compatibility when branch-unit checks do not support promotion.","tables/26_benchmark_audit_card_matrix.csv; source_data/core_yfull/source_receiver_highlight_contracts.csv; audited country-code recode used for the core YFull source bundle","Country-code membership for a predefined model-checking mask only; not subnational placement, geographic origin, ethnic identity, population continuity, migration route, or population frequency."
"Scored focused contract country membership","113","O_M122_EAST_ASIA_TO_SE_ASIA","O-M122","O-M122","Support-only diagnostic card","receiver","Southeast Asia","Focused roll-up region mask","southeast_asia;island_southeast_asia","THA","Included in the scored mask.","Demonstrates demotion of deepest-layer compatibility when branch-unit checks do not support promotion.","tables/26_benchmark_audit_card_matrix.csv; source_data/core_yfull/source_receiver_highlight_contracts.csv; audited country-code recode used for the core YFull source bundle","Country-code membership for a predefined model-checking mask only; not subnational placement, geographic origin, ethnic identity, population continuity, migration route, or population frequency."
"Scored focused contract country membership","114","O_M122_EAST_ASIA_TO_SE_ASIA","O-M122","O-M122","Support-only diagnostic card","receiver","Southeast Asia","Focused roll-up region mask","southeast_asia;island_southeast_asia","TWN","Included in the scored mask.","Demonstrates demotion of deepest-layer compatibility when branch-unit checks do not support promotion.","tables/26_benchmark_audit_card_matrix.csv; source_data/core_yfull/source_receiver_highlight_contracts.csv; audited country-code recode used for the core YFull source bundle","Country-code membership for a predefined model-checking mask only; not subnational placement, geographic origin, ethnic identity, population continuity, migration route, or population frequency."
"Scored focused contract country membership","115","O_M122_EAST_ASIA_TO_SE_ASIA","O-M122","O-M122","Support-only diagnostic card","receiver","Southeast Asia","Focused roll-up region mask","southeast_asia;island_southeast_asia","VNM","Included in the scored mask.","Demonstrates demotion of deepest-layer compatibility when branch-unit checks do not support promotion.","tables/26_benchmark_audit_card_matrix.csv; source_data/core_yfull/source_receiver_highlight_contracts.csv; audited country-code recode used for the core YFull source bundle","Country-code membership for a predefined model-checking mask only; not subnational placement, geographic origin, ethnic identity, population continuity, migration route, or population frequency."
"Ambiguous or corridor-adjacent country-code rule","116","all_scored_contracts_ambiguous_country_audit","All scored focused contracts","multiple","Conservative ambiguity sensitivity rule","exclusion_rule","Conservative ambiguous-country exclusion","Country-level ambiguity audit","spanning_or_diaspora_heavy_country_codes","AUS","Modern diaspora-heavy and Oceania-adjacent country code.","Tests whether focused decisions depend on country codes with spanning or diaspora-heavy geography.","tables/26_benchmark_audit_card_matrix.csv; source_data/core_yfull/source_receiver_highlight_contracts.csv; audited country-code recode used for the core YFull source bundle","Ambiguous-country sensitivity rule only; exclusion from the conservative audit is not evidence about geographic origin, ethnic identity, population continuity, migration route, or population frequency."
"Ambiguous or corridor-adjacent country-code rule","117","all_scored_contracts_ambiguous_country_audit","All scored focused contracts","multiple","Conservative ambiguity sensitivity rule","exclusion_rule","Conservative ambiguous-country exclusion","Country-level ambiguity audit","spanning_or_diaspora_heavy_country_codes","AZE","Caucasus and West Asia boundary country code.","Tests whether focused decisions depend on country codes with spanning or diaspora-heavy geography.","tables/26_benchmark_audit_card_matrix.csv; source_data/core_yfull/source_receiver_highlight_contracts.csv; audited country-code recode used for the core YFull source bundle","Ambiguous-country sensitivity rule only; exclusion from the conservative audit is not evidence about geographic origin, ethnic identity, population continuity, migration route, or population frequency."
"Ambiguous or corridor-adjacent country-code rule","118","all_scored_contracts_ambiguous_country_audit","All scored focused contracts","multiple","Conservative ambiguity sensitivity rule","exclusion_rule","Conservative ambiguous-country exclusion","Country-level ambiguity audit","spanning_or_diaspora_heavy_country_codes","CAN","Modern diaspora-heavy country code.","Tests whether focused decisions depend on country codes with spanning or diaspora-heavy geography.","tables/26_benchmark_audit_card_matrix.csv; source_data/core_yfull/source_receiver_highlight_contracts.csv; audited country-code recode used for the core YFull source bundle","Ambiguous-country sensitivity rule only; exclusion from the conservative audit is not evidence about geographic origin, ethnic identity, population continuity, migration route, or population frequency."
"Ambiguous or corridor-adjacent country-code rule","119","all_scored_contracts_ambiguous_country_audit","All scored focused contracts","multiple","Conservative ambiguity sensitivity rule","exclusion_rule","Conservative ambiguous-country exclusion","Country-level ambiguity audit","spanning_or_diaspora_heavy_country_codes","CYP","Mediterranean and West Asia boundary country code.","Tests whether focused decisions depend on country codes with spanning or diaspora-heavy geography.","tables/26_benchmark_audit_card_matrix.csv; source_data/core_yfull/source_receiver_highlight_contracts.csv; audited country-code recode used for the core YFull source bundle","Ambiguous-country sensitivity rule only; exclusion from the conservative audit is not evidence about geographic origin, ethnic identity, population continuity, migration route, or population frequency."
"Ambiguous or corridor-adjacent country-code rule","120","all_scored_contracts_ambiguous_country_audit","All scored focused contracts","multiple","Conservative ambiguity sensitivity rule","exclusion_rule","Conservative ambiguous-country exclusion","Country-level ambiguity audit","spanning_or_diaspora_heavy_country_codes","EGY","North Africa, Northeast Africa and West Asia boundary country code.","Tests whether focused decisions depend on country codes with spanning or diaspora-heavy geography.","tables/26_benchmark_audit_card_matrix.csv; source_data/core_yfull/source_receiver_highlight_contracts.csv; audited country-code recode used for the core YFull source bundle","Ambiguous-country sensitivity rule only; exclusion from the conservative audit is not evidence about geographic origin, ethnic identity, population continuity, migration route, or population frequency."
"Ambiguous or corridor-adjacent country-code rule","121","all_scored_contracts_ambiguous_country_audit","All scored focused contracts","multiple","Conservative ambiguity sensitivity rule","exclusion_rule","Conservative ambiguous-country exclusion","Country-level ambiguity audit","spanning_or_diaspora_heavy_country_codes","GEO","Caucasus and West Asia boundary country code.","Tests whether focused decisions depend on country codes with spanning or diaspora-heavy geography.","tables/26_benchmark_audit_card_matrix.csv; source_data/core_yfull/source_receiver_highlight_contracts.csv; audited country-code recode used for the core YFull source bundle","Ambiguous-country sensitivity rule only; exclusion from the conservative audit is not evidence about geographic origin, ethnic identity, population continuity, migration route, or population frequency."
"Ambiguous or corridor-adjacent country-code rule","122","all_scored_contracts_ambiguous_country_audit","All scored focused contracts","multiple","Conservative ambiguity sensitivity rule","exclusion_rule","Conservative ambiguous-country exclusion","Country-level ambiguity audit","spanning_or_diaspora_heavy_country_codes","IDN","Island Southeast Asia and Oceania-adjacent boundary country code.","Tests whether focused decisions depend on country codes with spanning or diaspora-heavy geography.","tables/26_benchmark_audit_card_matrix.csv; source_data/core_yfull/source_receiver_highlight_contracts.csv; audited country-code recode used for the core YFull source bundle","Ambiguous-country sensitivity rule only; exclusion from the conservative audit is not evidence about geographic origin, ethnic identity, population continuity, migration route, or population frequency."
"Ambiguous or corridor-adjacent country-code rule","123","all_scored_contracts_ambiguous_country_audit","All scored focused contracts","multiple","Conservative ambiguity sensitivity rule","exclusion_rule","Conservative ambiguous-country exclusion","Country-level ambiguity audit","spanning_or_diaspora_heavy_country_codes","KAZ","Europe-adjacent steppe and Central Asia boundary country code.","Tests whether focused decisions depend on country codes with spanning or diaspora-heavy geography.","tables/26_benchmark_audit_card_matrix.csv; source_data/core_yfull/source_receiver_highlight_contracts.csv; audited country-code recode used for the core YFull source bundle","Ambiguous-country sensitivity rule only; exclusion from the conservative audit is not evidence about geographic origin, ethnic identity, population continuity, migration route, or population frequency."
"Ambiguous or corridor-adjacent country-code rule","124","all_scored_contracts_ambiguous_country_audit","All scored focused contracts","multiple","Conservative ambiguity sensitivity rule","exclusion_rule","Conservative ambiguous-country exclusion","Country-level ambiguity audit","spanning_or_diaspora_heavy_country_codes","NZL","Modern diaspora-heavy and Pacific-adjacent country code.","Tests whether focused decisions depend on country codes with spanning or diaspora-heavy geography.","tables/26_benchmark_audit_card_matrix.csv; source_data/core_yfull/source_receiver_highlight_contracts.csv; audited country-code recode used for the core YFull source bundle","Ambiguous-country sensitivity rule only; exclusion from the conservative audit is not evidence about geographic origin, ethnic identity, population continuity, migration route, or population frequency."
"Ambiguous or corridor-adjacent country-code rule","125","all_scored_contracts_ambiguous_country_audit","All scored focused contracts","multiple","Conservative ambiguity sensitivity rule","exclusion_rule","Conservative ambiguous-country exclusion","Country-level ambiguity audit","spanning_or_diaspora_heavy_country_codes","RUS","Country-level Russia cannot distinguish European Russia from Siberia or North Asia.","Tests whether focused decisions depend on country codes with spanning or diaspora-heavy geography.","tables/26_benchmark_audit_card_matrix.csv; source_data/core_yfull/source_receiver_highlight_contracts.csv; audited country-code recode used for the core YFull source bundle","Ambiguous-country sensitivity rule only; exclusion from the conservative audit is not evidence about geographic origin, ethnic identity, population continuity, migration route, or population frequency."
"Ambiguous or corridor-adjacent country-code rule","126","all_scored_contracts_ambiguous_country_audit","All scored focused contracts","multiple","Conservative ambiguity sensitivity rule","exclusion_rule","Conservative ambiguous-country exclusion","Country-level ambiguity audit","spanning_or_diaspora_heavy_country_codes","TUR","Europe and West Asia boundary country code.","Tests whether focused decisions depend on country codes with spanning or diaspora-heavy geography.","tables/26_benchmark_audit_card_matrix.csv; source_data/core_yfull/source_receiver_highlight_contracts.csv; audited country-code recode used for the core YFull source bundle","Ambiguous-country sensitivity rule only; exclusion from the conservative audit is not evidence about geographic origin, ethnic identity, population continuity, migration route, or population frequency."
"Ambiguous or corridor-adjacent country-code rule","127","all_scored_contracts_ambiguous_country_audit","All scored focused contracts","multiple","Conservative ambiguity sensitivity rule","exclusion_rule","Conservative ambiguous-country exclusion","Country-level ambiguity audit","spanning_or_diaspora_heavy_country_codes","USA","Modern diaspora-heavy country code.","Tests whether focused decisions depend on country codes with spanning or diaspora-heavy geography.","tables/26_benchmark_audit_card_matrix.csv; source_data/core_yfull/source_receiver_highlight_contracts.csv; audited country-code recode used for the core YFull source bundle","Ambiguous-country sensitivity rule only; exclusion from the conservative audit is not evidence about geographic origin, ethnic identity, population continuity, migration route, or population frequency."
"Boundary/no-call context","128a","H-M82_boundary_no_call_context","H-M82","H-M82","Boundary/no-call card","source","South Asia","Not used as a load-bearing scored mask","not_scoreable_as_primary_comparison","not_applicable","Diaspora and founder structure prevent a load-bearing primary source-receiver decision.","Makes abstention visible when a load-bearing source-receiver decision is not justified.","tables/main_table_1_source_receiver_audit_cards.csv; tables/02_lineage_role_tiers.csv","Boundary/no-call context only; not a scored source-receiver country-membership row and not evidence of geographic origin, ethnic identity, population continuity, migration route, or population frequency."
"Boundary/no-call context","128b","H-M82_boundary_no_call_context","H-M82","H-M82","Boundary/no-call card","receiver","Roma diaspora / Europe","Not used as a load-bearing scored mask","not_scoreable_as_primary_comparison","not_applicable","Diaspora and founder structure prevent a load-bearing primary source-receiver decision.","Makes abstention visible when a load-bearing source-receiver decision is not justified.","tables/main_table_1_source_receiver_audit_cards.csv; tables/02_lineage_role_tiers.csv","Boundary/no-call context only; not a scored source-receiver country-membership row and not evidence of geographic origin, ethnic identity, population continuity, migration route, or population frequency."
"Boundary/no-call context","129a","E-M2_boundary_no_call_context","E-M2","E-M2","Boundary/no-call card","source","West Africa","Not used as a load-bearing scored mask","not_scoreable_as_primary_comparison","not_applicable","Diaspora structure and source visibility prevent a load-bearing primary source-receiver decision.","Makes abstention visible when a load-bearing source-receiver decision is not justified.","tables/main_table_1_source_receiver_audit_cards.csv; tables/02_lineage_role_tiers.csv","Boundary/no-call context only; not a scored source-receiver country-membership row and not evidence of geographic origin, ethnic identity, population continuity, migration route, or population frequency."
"Boundary/no-call context","129b","E-M2_boundary_no_call_context","E-M2","E-M2","Boundary/no-call card","receiver","Americas / diaspora receiver","Not used as a load-bearing scored mask","not_scoreable_as_primary_comparison","not_applicable","Diaspora structure and source visibility prevent a load-bearing primary source-receiver decision.","Makes abstention visible when a load-bearing source-receiver decision is not justified.","tables/main_table_1_source_receiver_audit_cards.csv; tables/02_lineage_role_tiers.csv","Boundary/no-call context only; not a scored source-receiver country-membership row and not evidence of geographic origin, ethnic identity, population continuity, migration route, or population frequency."
